,Model,Parameters,Accuracy Train,Precision Train,Recall Train,F1 Train,FPR Train Plot,TPR Train Plot,ROC AUC Train,Precision Train Plot,Recall Train Plot,PR AUC Train,Accuracy Test,Precision Test,Recall Test,F1 Test,FPR Test Plot,TPR Test Plot,ROC AUC Test,Precision Test Plot,Recall Test Plot,PR AUC Test,Time Fit,Time Predict,Precision Non-functioning Test,Recall Non-functioning Test,F1 Non-functioning Test,Precision Functioning Test,Recall Functioning Test,F1 Functioning Test
0,Decision Tree,"Max depth=24, Min samples leaf=25, Criterion=entropy",0.8405934709497854,0.8408165780465507,0.8405934709497854,0.8405673787996842,"[0.00000000e+00 0.00000000e+00 1.44961150e-05 2.89922301e-05
 4.34883451e-05 7.24805752e-05 1.01472805e-04 1.15968920e-04
 1.44961150e-04 1.88449496e-04 2.46433956e-04 2.75426186e-04
 3.04418416e-04 3.47906761e-04 4.34883451e-04 4.63875681e-04
 5.50852372e-04 6.52325177e-04 7.82790212e-04 8.40774672e-04
 9.85735823e-04 1.13069697e-03 1.26116201e-03 1.49309985e-03
 2.24689783e-03 2.29038618e-03 2.31937841e-03 2.43534733e-03
 2.46433956e-03 2.55131625e-03 2.60930071e-03 2.63829294e-03
 2.66728517e-03 2.69627740e-03 2.72526963e-03 2.75426186e-03
 2.81224632e-03 2.84123855e-03 2.95720747e-03 3.01519193e-03
 3.07317639e-03 3.13116085e-03 3.21813754e-03 3.26162588e-03
 3.36309869e-03 3.40658703e-03 3.49356372e-03 3.53705207e-03
 3.73999768e-03 3.82697437e-03 4.00092775e-03 4.34883451e-03
 4.47929955e-03 4.76922185e-03 4.81271019e-03 5.20410530e-03
 6.21883335e-03 6.39278673e-03 6.45077119e-03 6.61022846e-03
 6.66821292e-03 6.75518961e-03 6.92914299e-03 7.04511191e-03
 7.33503421e-03 7.45100313e-03 7.53797982e-03 7.71193320e-03
 7.92937493e-03 7.98735939e-03 8.39325061e-03 8.46573118e-03
 8.69766902e-03 8.91511075e-03 9.03107967e-03 9.17604082e-03
 9.48045924e-03 9.65441262e-03 9.72689319e-03 9.95883103e-03
 1.00458077e-02 1.04372028e-02 1.06111562e-02 1.07561174e-02
 1.17998376e-02 1.20897599e-02 1.22347211e-02 1.24231706e-02
 1.26841007e-02 1.28290618e-02 1.30609997e-02 1.32349530e-02
 1.33799142e-02 1.37278209e-02 1.38727821e-02 1.40467355e-02
 1.42206889e-02 1.45106112e-02 1.45975878e-02 1.52789053e-02
 1.53803781e-02 1.54528586e-02 1.58007654e-02 1.60037110e-02
 1.60906877e-02 1.62356488e-02 1.63371217e-02 1.70909196e-02
 1.71923924e-02 1.74823147e-02 1.75692914e-02 1.77722370e-02
 1.91058796e-02 1.94682825e-02 1.95552592e-02 1.97582048e-02
 1.98741737e-02 2.07584367e-02 2.09613823e-02 2.11353357e-02
 2.13527775e-02 2.15557231e-02 2.16716920e-02 2.23240172e-02
 2.24254900e-02 2.30053346e-02 2.31357996e-02 2.35706831e-02
 2.38751015e-02 2.40780471e-02 2.43099849e-02 2.45709150e-02
 2.52232402e-02 2.55711469e-02 2.60785110e-02 2.63104488e-02
 2.65713789e-02 2.71222312e-02 2.99489737e-02 3.00939348e-02
 3.07027717e-02 3.14855619e-02 3.17754842e-02 3.21668793e-02
 3.25147860e-02 3.26162588e-02 3.27612200e-02 3.32830801e-02
 3.33990491e-02 3.37034675e-02 3.39643975e-02 3.49501334e-02
 3.52690479e-02 3.59213731e-02 3.61243187e-02 3.62402876e-02
 3.63997449e-02 3.74434652e-02 3.78783486e-02 3.84871854e-02
 3.86466427e-02 3.90380378e-02 3.91829990e-02 3.93424562e-02
 4.14298968e-02 4.17053230e-02 4.23141598e-02 4.28940044e-02
 4.34158645e-02 4.37057868e-02 4.53148556e-02 4.56337701e-02
 4.57787313e-02 4.59091963e-02 4.60251653e-02 4.62281109e-02
 4.64020642e-02 4.65615215e-02 4.69964050e-02 4.72573350e-02
 4.76342340e-02 4.83880320e-02 4.91998144e-02 4.93882639e-02
 4.99971008e-02 5.05769454e-02 5.09538444e-02 5.12437667e-02
 5.31717500e-02 5.33022150e-02 5.39400441e-02 5.41284936e-02
 5.48532993e-02 5.54911284e-02 5.61434536e-02 5.66653137e-02
 5.68102748e-02 5.75060884e-02 5.79119796e-02 5.81729097e-02
 5.87382581e-02 5.88832193e-02 5.90861649e-02 5.94050794e-02
 6.06227531e-02 6.12605822e-02 6.19129073e-02 6.26377131e-02
 6.31160849e-02 6.32900383e-02 6.36669373e-02 6.38698829e-02
 6.40873246e-02 6.60587962e-02 6.67111214e-02 6.70010437e-02
 6.71605010e-02 6.75084077e-02 6.76968572e-02 6.81317407e-02
 6.83636785e-02 7.09149948e-02 7.13208860e-02 7.16977850e-02
 7.20456918e-02 7.25240636e-02 7.38287139e-02 7.50028992e-02
 7.57422011e-02 7.59596428e-02 7.63655340e-02 7.65539835e-02
 7.67279369e-02 7.69743709e-02 7.74382465e-02 7.82355329e-02
 7.84384785e-02 8.09173142e-02 8.14826626e-02 8.20625072e-02
 8.24973907e-02 8.32946770e-02 8.35556071e-02 8.39614983e-02
 8.42079323e-02 8.53676215e-02 8.57445205e-02 8.59764583e-02
 8.65852951e-02 8.68317291e-02 8.72376203e-02 8.80349066e-02
 8.83103328e-02 8.84987823e-02 8.87597124e-02 8.96294793e-02
 9.03252928e-02 9.05282384e-02 9.09921141e-02 9.12530442e-02
 9.17314160e-02 9.19488577e-02 9.21952917e-02 9.59932738e-02
 9.65441262e-02 9.67905601e-02 9.73559086e-02 9.83126522e-02
 9.86025745e-02 9.88635046e-02 9.90954424e-02 9.95013336e-02
 1.00052186e-01 1.00574046e-01 1.01226371e-01 1.02009162e-01
 1.02386061e-01 1.02617998e-01 1.03415285e-01 1.03618230e-01
 1.04111098e-01 1.04401021e-01 1.06836368e-01 1.07300244e-01
 1.08242491e-01 1.09054273e-01 1.09837064e-01 1.12388380e-01
 1.12823263e-01 1.13388612e-01 1.14896208e-01 1.15505045e-01
 1.16244347e-01 1.17186594e-01 1.17505509e-01 1.18157834e-01
 1.18766671e-01 1.19926360e-01 1.20230778e-01 1.20926592e-01
 1.21245506e-01 1.21984808e-01 1.23202482e-01 1.23753334e-01
 1.24695582e-01 1.25275426e-01 1.27101937e-01 1.27754262e-01
 1.28421083e-01 1.29580772e-01 1.30320074e-01 1.30581004e-01
 1.33320770e-01 1.33596196e-01 1.35263249e-01 1.36176505e-01
 1.36509915e-01 1.38945263e-01 1.40264409e-01 1.41279137e-01
 1.42366346e-01 1.43062159e-01 1.43786965e-01 1.44526267e-01
 1.44787197e-01 1.45613476e-01 1.45932390e-01 1.46265801e-01
 1.46613708e-01 1.52890525e-01 1.54528586e-01 1.54876493e-01
 1.55543314e-01 1.55862229e-01 1.56166647e-01 1.56746492e-01
 1.57297344e-01 1.58341065e-01 1.58833933e-01 1.59529746e-01
 1.60399513e-01 1.62023078e-01 1.66168967e-01 1.67256175e-01
 1.67604082e-01 1.67937493e-01 1.68894236e-01 1.69503073e-01
 1.69792995e-01 1.70343848e-01 1.70604778e-01 1.70981677e-01
 1.71474545e-01 1.71836948e-01 1.72532761e-01 1.72866172e-01
 1.73301055e-01 1.73619970e-01 1.75142062e-01 1.75692914e-01
 1.76055317e-01 1.76504697e-01 1.77548417e-01 1.78751595e-01
 1.79418416e-01 1.80157718e-01 1.81085469e-01 1.81389888e-01
 1.83491824e-01 1.84535544e-01 1.85086397e-01 1.87724690e-01
 1.89551200e-01 1.90189029e-01 1.90565928e-01 1.91798098e-01
 1.92102517e-01 1.93189725e-01 1.96552824e-01 1.96944219e-01
 1.97219645e-01 1.99176621e-01 2.00307318e-01 2.00626232e-01
 2.01148092e-01 2.01872898e-01 2.02481735e-01 2.02829642e-01
 2.03568944e-01 2.04351734e-01 2.05801345e-01 2.06468167e-01
 2.07598864e-01 2.09454366e-01 2.10280645e-01 2.11005451e-01
 2.12223124e-01 2.12715992e-01 2.19108779e-01 2.19529166e-01
 2.20282964e-01 2.20949785e-01 2.22239940e-01 2.23109707e-01
 2.24588310e-01 2.25545054e-01 2.26371332e-01 2.27154123e-01
 2.28893657e-01 2.29198075e-01 2.29574974e-01 2.30096834e-01
 2.30502725e-01 2.32720631e-01 2.34605126e-01 2.35779311e-01
 2.37257915e-01 2.37678302e-01 2.38374116e-01 2.39272875e-01
 2.39548301e-01 2.39925200e-01 2.42360547e-01 2.42795431e-01
 2.47898063e-01 2.50376899e-01 2.50797286e-01 2.51377131e-01
 2.53290618e-01 2.54334338e-01 2.54711237e-01 2.55117129e-01
 2.55552012e-01 2.56015888e-01 2.57987359e-01 2.59915343e-01
 2.61104024e-01 2.65974719e-01 2.66641540e-01 2.67003943e-01
 2.67424330e-01 2.68859446e-01 2.71961614e-01 2.72816885e-01
 2.73266265e-01 2.73686652e-01 2.74411458e-01 2.75078279e-01
 2.76730836e-01 2.81659515e-01 2.82964166e-01 2.83775948e-01
 2.84906645e-01 2.86298272e-01 2.87255016e-01 2.88791604e-01
 2.90241215e-01 2.91371912e-01 2.91792300e-01 2.94532065e-01
 2.95619274e-01 2.96213615e-01 2.96677490e-01 2.97112374e-01
 2.98228575e-01 2.98706947e-01 2.99083846e-01 2.99634698e-01
 3.00330511e-01 3.01606170e-01 3.02070045e-01 3.06418880e-01
 3.06897252e-01 3.07303143e-01 3.07636553e-01 3.13116085e-01
 3.14348255e-01 3.14725154e-01 3.15218022e-01 3.16435695e-01
 3.17595384e-01 3.19624841e-01 3.21973211e-01 3.25829178e-01
 3.26264061e-01 3.28177548e-01 3.30786849e-01 3.32961266e-01
 3.33773049e-01 3.34671808e-01 3.35164676e-01 3.36904210e-01
 3.37571031e-01 3.38701728e-01 3.39122115e-01 3.39585991e-01
 3.40093355e-01 3.45877305e-01 3.54690943e-01 3.55227299e-01
 3.56039082e-01 3.57488693e-01 3.60040009e-01 3.66374812e-01
 3.66882176e-01 3.67346051e-01 3.67766439e-01 3.73477908e-01
 3.74608605e-01 3.75130465e-01 3.75797286e-01 3.77232402e-01
 3.79261858e-01 3.79943175e-01 3.80436043e-01 3.81827670e-01
 3.84031080e-01 3.86770845e-01 3.88162472e-01 3.90336890e-01
 3.91380610e-01 3.92482315e-01 3.93323089e-01 3.95598979e-01
 3.98309753e-01 3.98846109e-01 3.99976806e-01 4.03020990e-01
 4.04354633e-01 4.04746028e-01 4.05644787e-01 4.07166879e-01
 4.08297576e-01 4.10051606e-01 4.18691291e-01 4.19764003e-01
 4.21199119e-01 4.22039893e-01 4.25084077e-01 4.26185782e-01
 4.28157254e-01 4.28592137e-01 4.30288183e-01 4.30795547e-01
 4.33346863e-01 4.35593761e-01 4.36753450e-01 4.39623681e-01
 4.41479184e-01 4.42479416e-01 4.43552128e-01 4.44769802e-01
 4.45248173e-01 4.46349878e-01 4.49133132e-01 4.49698481e-01
 4.53829874e-01 4.55699872e-01 4.59294909e-01 4.59671808e-01
 4.65455758e-01 4.69514670e-01 4.70906297e-01 4.73704047e-01
 4.74878233e-01 4.77081642e-01 4.82822104e-01 4.84445669e-01
 4.84938536e-01 4.86678070e-01 4.90012177e-01 4.91693726e-01
 4.92201090e-01 4.92795431e-01 4.96535429e-01 4.98144497e-01
 4.99043256e-01 5.00855271e-01 5.01406123e-01 5.02797750e-01
 5.03551548e-01 5.04131393e-01 5.05305578e-01 5.06784182e-01
 5.08074336e-01 5.11930303e-01 5.13176969e-01 5.16511075e-01
 5.16931462e-01 5.23309753e-01 5.26527891e-01 5.28702308e-01
 5.29253160e-01 5.33254088e-01 5.35051606e-01 5.35616955e-01
 5.39443929e-01 5.40038270e-01 5.43386872e-01 5.44836484e-01
 5.45445321e-01 5.46068654e-01 5.48330048e-01 5.49214311e-01
 5.50736403e-01 5.52012061e-01 5.54360431e-01 5.55157718e-01
 5.55694074e-01 5.56505856e-01 5.57056709e-01 5.58738258e-01
 5.59303607e-01 5.60173374e-01 5.62550736e-01 5.63000116e-01
 5.65160037e-01 5.65623913e-01 5.66870579e-01 5.70059724e-01
 5.71030964e-01 5.72335614e-01 5.75292822e-01 5.88629247e-01
 5.89643975e-01 5.94340717e-01 5.95413429e-01 5.98675055e-01
 6.02444045e-01 6.03603734e-01 6.04574974e-01 6.06140554e-01
 6.06734895e-01 6.09576134e-01 6.10199467e-01 6.14823727e-01
 6.17360547e-01 6.18665198e-01 6.20013336e-01 6.20941088e-01
 6.22376203e-01 6.23854807e-01 6.24362171e-01 6.25405891e-01
 6.27014960e-01 6.28667517e-01 6.29232866e-01 6.30972399e-01
 6.33016352e-01 6.33610692e-01 6.35437203e-01 6.36683869e-01
 6.37321698e-01 6.38003015e-01 6.54006726e-01 6.58717964e-01
 6.61733156e-01 6.64472921e-01 6.66096486e-01 6.68618810e-01
 6.72097878e-01 6.72996637e-01 6.75779891e-01 6.77258495e-01
 6.81317407e-01 6.83404848e-01 6.84477560e-01 6.85579265e-01
 6.86144613e-01 6.89043836e-01 6.90232518e-01 6.92059028e-01
 6.92682361e-01 6.95291662e-01 6.96654297e-01 6.99147628e-01
 1.00000000e+00]","[0.         0.35066102 0.35134234 0.35200916 0.35266149 0.35390815
 0.35512583 0.35572017 0.35687986 0.3585759  0.36077931 0.36185202
 0.36289574 0.36441784 0.36737504 0.36833179 0.37111504 0.3742607
 0.37817465 0.3798562  0.38391511 0.38782906 0.39122115 0.3970196
 0.41511075 0.41613997 0.41682129 0.41948858 0.4201409  0.42205439
 0.42330106 0.42390989 0.42450423 0.42508408 0.42564943 0.42620028
 0.42727299 0.42779485 0.42982431 0.43081004 0.43176679 0.43269454
 0.43404268 0.4347095  0.43623159 0.43686942 0.43813058 0.43875391
 0.44159515 0.44278383 0.4451322  0.44965499 0.45130755 0.45493158
 0.45546793 0.46016468 0.47183405 0.47380552 0.47445785 0.47621188
 0.47683521 0.47776296 0.47956048 0.48074916 0.48364838 0.48477908
 0.48561985 0.48727241 0.48930187 0.48983822 0.49349124 0.49412907
 0.49615853 0.49804302 0.49902876 0.50024643 0.50278325 0.50421837
 0.50481271 0.50666821 0.50734953 0.51035023 0.51165488 0.51272759
 0.52038154 0.52248347 0.52352719 0.52484634 0.52662936 0.5276151
 0.52918068 0.53034037 0.53129711 0.53355851 0.53448626 0.53558796
 0.53667517 0.53847269 0.53900905 0.54309695 0.54369129 0.54411168
 0.54611214 0.54727183 0.5477647  0.54857648 0.54914183 0.55328772
 0.55383857 0.55540415 0.55586803 0.55694074 0.56394236 0.56582686
 0.56627624 0.56731996 0.5679143  0.57233561 0.57332135 0.57416212
 0.57520584 0.57616259 0.57669894 0.57969964 0.58016352 0.58277282
 0.58335266 0.58526615 0.5865853  0.58745506 0.5884408  0.5895425
 0.59228227 0.59373188 0.59583382 0.59679056 0.59786327 0.60011017
 0.61141714 0.61198249 0.61433086 0.61733156 0.61843326 0.61991186
 0.62121651 0.62159341 0.62212977 0.62404326 0.62446364 0.62555085
 0.6264786  0.62992868 0.63103038 0.63327728 0.6339731  0.63436449
 0.63490085 0.63837991 0.63981503 0.64181549 0.64233735 0.64359852
 0.64406239 0.64456976 0.65117998 0.65204975 0.65396324 0.65577525
 0.65739882 0.65829758 0.66312478 0.66405253 0.66447292 0.66484982
 0.66518323 0.66576308 0.66625594 0.66670532 0.667923   0.6686478
 0.66969152 0.67176447 0.67396788 0.67447524 0.67609881 0.6776209
 0.67860663 0.67936043 0.6843181  0.68465151 0.68627508 0.68675345
 0.68856546 0.69013104 0.69172562 0.69298678 0.69333469 0.69498724
 0.69594399 0.69655282 0.69785747 0.69819088 0.69865476 0.69937957
 0.70211933 0.70353995 0.70498956 0.70658414 0.70762786 0.70800475
 0.70881654 0.70925142 0.7097153  0.71390467 0.7152818  0.71589064
 0.71622405 0.71694886 0.71734025 0.71823901 0.71871738 0.72382002
 0.72460281 0.72532761 0.72599443 0.72690769 0.72938652 0.73160443
 0.73299606 0.73340195 0.73415575 0.73450365 0.73482257 0.73527195
 0.73611272 0.73754784 0.73791024 0.74231706 0.74331729 0.74433202
 0.74508582 0.74646295 0.74691233 0.74760814 0.74802853 0.75
 0.75063783 0.75102922 0.75204395 0.75244984 0.75311666 0.75442132
 0.75487069 0.75517511 0.7555955  0.75698713 0.75808883 0.75840775
 0.75913255 0.75953844 0.76027775 0.76061116 0.76098806 0.76668503
 0.76749681 0.76785921 0.76868549 0.77007712 0.77049751 0.77087441
 0.77120782 0.77178766 0.77257045 0.77330975 0.77422301 0.77531022
 0.77583208 0.77615099 0.7772382  0.77751363 0.77818045 0.77857184
 0.78181897 0.78242781 0.78365998 0.7847037  0.78570393 0.78895106
 0.78950191 0.79021222 0.79209672 0.79285052 0.79376377 0.79492346
 0.79531486 0.79611214 0.79685144 0.79824307 0.79860547 0.79943175
 0.79980865 0.80067842 0.80209904 0.80273687 0.80382408 0.8044909
 0.80657834 0.80731764 0.80807144 0.80937609 0.81020237 0.81049229
 0.81352198 0.81382639 0.81565291 0.81665314 0.81701554 0.81965383
 0.82107445 0.82216166 0.82332135 0.82406065 0.82482895 0.82561174
 0.82588716 0.82675693 0.82709034 0.82743825 0.82780065 0.83407747
 0.83568654 0.83601995 0.83665778 0.83696219 0.83725212 0.83780297
 0.83832483 0.83931056 0.83977444 0.84042677 0.84123855 0.84274614
 0.84657312 0.84757335 0.84789226 0.84819668 0.84906645 0.8496173
 0.84987823 0.8503711  0.85060304 0.85093645 0.85137133 0.85169025
 0.85229908 0.85258901 0.85296591 0.85324133 0.85454598 0.85500986
 0.85531428 0.85569117 0.85656094 0.85756117 0.85811203 0.85872086
 0.85947466 0.85972109 0.86140264 0.86222892 0.86266381 0.86473675
 0.86615737 0.86665024 0.86694016 0.86788241 0.86811435 0.86894062
 0.87146295 0.87175287 0.87195582 0.87339093 0.87421721 0.87444915
 0.87482605 0.87534791 0.87578279 0.87602922 0.87655108 0.87710194
 0.87811666 0.87858054 0.87936333 0.88063899 0.88120434 0.88169721
 0.88252348 0.88285689 0.88711875 0.88739418 0.88788705 0.88832193
 0.8891627  0.88972805 0.8906848  0.89129363 0.89181549 0.89230836
 0.89339557 0.89358402 0.89381596 0.89413487 0.89438131 0.89571495
 0.89684565 0.89754146 0.89841123 0.89865766 0.89906355 0.89958541
 0.89974487 0.89996231 0.90135394 0.90160037 0.9044706  0.90584773
 0.90607967 0.90639859 0.90744231 0.90800765 0.9082106  0.90842804
 0.90865998 0.90890641 0.90995013 0.91096486 0.91158819 0.91413951
 0.91448742 0.91467587 0.91489331 0.91563261 0.91718369 0.91760408
 0.91782152 0.91802447 0.91837238 0.91869129 0.91947408 0.92179346
 0.9224023  0.9227792  0.92330106 0.92393888 0.92437377 0.92506958
 0.92572191 0.92622927 0.92641772 0.92763539 0.92811377 0.9283747
 0.92857764 0.92876609 0.92924446 0.92944741 0.92960687 0.9298388
 0.93012873 0.93065059 0.93083904 0.93257857 0.93276702 0.93292648
 0.93305694 0.93518787 0.93566624 0.9358112  0.93599965 0.93646353
 0.93689841 0.93765221 0.93852198 0.9399426  0.94010205 0.94079787
 0.94174011 0.9425229  0.94281283 0.94313174 0.94330569 0.94391453
 0.94414647 0.94453786 0.94468283 0.94484228 0.94501624 0.94694422
 0.94987243 0.95004639 0.95030732 0.95077119 0.95158298 0.95358344
 0.9537429  0.95388786 0.95401832 0.95578685 0.95613476 0.95629421
 0.95649716 0.95693204 0.95754088 0.95774382 0.95788879 0.95829468
 0.95893251 0.9597153  0.96010669 0.96071553 0.96100545 0.96130987
 0.96154181 0.96216514 0.96290444 0.9630494  0.96335382 0.9641656
 0.96451351 0.96461498 0.96484692 0.96523832 0.96552824 0.96597762
 0.96813754 0.96839847 0.96874638 0.96894932 0.96967413 0.96993506
 0.97039893 0.97050041 0.9708918  0.97100777 0.97158761 0.97209498
 0.97235591 0.97299374 0.97339963 0.97361707 0.97384901 0.97410994
 0.97421141 0.97444335 0.97502319 0.97513916 0.97596544 0.97632784
 0.97702366 0.97709614 0.97819784 0.97896614 0.97922707 0.97974893
 0.97996637 0.98037226 0.98141598 0.9817059  0.98179288 0.9820973
 0.98267714 0.98296706 0.98305404 0.98315551 0.98377885 0.98403978
 0.98418474 0.98447466 0.98456164 0.98477908 0.98489505 0.98498202
 0.98515598 0.98537342 0.98556187 0.98611272 0.98628668 0.98675055
 0.98680854 0.9876783  0.98811319 0.98840311 0.98847559 0.98899745
 0.98922939 0.98930187 0.98978024 0.98985272 0.99025861 0.99043256
 0.99050504 0.99057753 0.99083846 0.99093993 0.99111388 0.99125884
 0.99151977 0.99160675 0.99166473 0.99175171 0.9918097  0.99198365
 0.99204163 0.99212861 0.99236055 0.99240404 0.99260698 0.99265047
 0.99276644 0.99305636 0.99314334 0.99325931 0.99352024 0.99467993
 0.9947669  0.9951583  0.99524527 0.9955062  0.99579613 0.9958831
 0.99595558 0.99607155 0.99611504 0.99631799 0.99636148 0.99668039
 0.99685434 0.99694132 0.9970283  0.99708628 0.99717326 0.99726023
 0.99728923 0.99734721 0.99743419 0.99752116 0.99755016 0.99763713
 0.99773861 0.9977676  0.99785457 0.99791256 0.99794155 0.99797054
 0.99863737 0.99882581 0.99894178 0.99904326 0.99910124 0.99918822
 0.99930419 0.99933318 0.99942016 0.99946364 0.99957961 0.9996376
 0.99966659 0.99969558 0.99971008 0.99978256 0.99981155 0.99985504
 0.99986953 0.99992752 0.99995651 1.         1.        ]",0.9296365159504874,"[0.58853038 0.58938474 0.58985147 0.59074675 0.59096089 0.59158904
 0.59199842 0.59299896 0.59319439 0.59357543 0.59394675 0.59467035
 0.59608186 0.5965975  0.59756943 0.59788378 0.59910301 0.59998955
 0.60056119 0.60152758 0.60259393 0.60426644 0.6100163  0.61026355
 0.61049476 0.61094692 0.6116102  0.6118262  0.61256987 0.61320418
 0.61341047 0.6140138  0.61460194 0.61498373 0.61516932 0.61571028
 0.61623573 0.61657553 0.61706938 0.61754748 0.61847834 0.62018281
 0.62041325 0.62146494 0.6216852  0.6222659  0.62262663 0.62305788
 0.62446237 0.62568122 0.62608299 0.62784655 0.62822849 0.63329422
 0.63442931 0.63493137 0.63530557 0.63653685 0.63701905 0.63719861
 0.63803612 0.6382104  0.63913376 0.63947186 0.63969152 0.64034554
 0.6405599  0.64087575 0.64108452 0.64139496 0.64231033 0.64280812
 0.64340305 0.64374918 0.64463605 0.64488089 0.64511987 0.64568939
 0.64700866 0.64724339 0.64875707 0.64898099 0.64969384 0.65128607
 0.65150589 0.65237448 0.65366387 0.65623614 0.6564064  0.65775965
 0.65826729 0.65984064 0.66036819 0.66097376 0.66145534 0.66169324
 0.66200216 0.66257268 0.66279864 0.66354245 0.6639119  0.66457432
 0.66611666 0.66636206 0.66657164 0.66726711 0.66865044 0.66937468
 0.66958009 0.67025711 0.6726609  0.67358835 0.67408368 0.6752669
 0.67585717 0.67758487 0.68006538 0.68022769 0.68177999 0.68259102
 0.68438616 0.68463214 0.68584459 0.68632557 0.68653453 0.68706662
 0.68753583 0.68797385 0.68878787 0.69005    0.69056102 0.69155368
 0.69268474 0.69291013 0.6936642  0.69385767 0.69473575 0.69522741
 0.6965901  0.69696717 0.69761176 0.69809447 0.70200371 0.70280252
 0.70331876 0.70401515 0.70442708 0.70460659 0.70521874 0.7066179
 0.70713898 0.70738642 0.70863939 0.70969571 0.71008673 0.71059994
 0.71108679 0.71210313 0.71275542 0.71404208 0.71507999 0.71573714
 0.71597005 0.71629183 0.71725194 0.71793226 0.71824883 0.71849673
 0.71903422 0.72176526 0.72196744 0.72219051 0.72243455 0.72550038
 0.72674489 0.72745431 0.72785225 0.72811521 0.73246322 0.73535848
 0.73561311 0.73584607 0.7360573  0.73662603 0.73696184 0.73783931
 0.73808822 0.73854242 0.73895304 0.74005514 0.74138384 0.74236198
 0.74258458 0.74456609 0.7457801  0.74683383 0.74743723 0.748071
 0.74832787 0.74852431 0.74916679 0.75204468 0.75222077 0.75243519
 0.75268805 0.75499406 0.75524081 0.75591998 0.75629024 0.75658329
 0.75678387 0.75703859 0.75763309 0.75786472 0.75811168 0.7584283
 0.75900842 0.76047455 0.76070004 0.76130755 0.76208844 0.7629183
 0.76343622 0.76419067 0.76480483 0.76524636 0.76595719 0.76865934
 0.76957171 0.76994033 0.77034145 0.7705742  0.77082319 0.77129657
 0.7730171  0.77381346 0.77404713 0.77424858 0.77461951 0.7773465
 0.77801713 0.77910859 0.78022922 0.78049358 0.78074153 0.78097304
 0.78118803 0.78178389 0.78287925 0.78321179 0.78345307 0.78487955
 0.78783964 0.78809349 0.78951853 0.78973954 0.7899011  0.79042885
 0.790838   0.79108536 0.79195713 0.79265105 0.79376702 0.79508757
 0.79532971 0.79564107 0.79586593 0.79604753 0.79708644 0.797555
 0.79805046 0.79862483 0.79951282 0.80003652 0.80081545 0.80121916
 0.80167627 0.80193154 0.8058404  0.80614407 0.80689582 0.80734445
 0.80785649 0.80901004 0.8097153  0.810132   0.81103977 0.81153118
 0.81199613 0.81221516 0.8125984  0.8130549  0.81338403 0.81358516
 0.81429923 0.81554043 0.81571558 0.81596449 0.8181111  0.81880828
 0.81900384 0.81979685 0.82003978 0.82045121 0.82163271 0.82334874
 0.82370863 0.824392   0.82577277 0.82597309 0.82658443 0.82707166
 0.82751192 0.82830789 0.82900077 0.82929949 0.82954066 0.82990765
 0.83092169 0.83113453 0.83142494 0.83164774 0.83211296 0.83235544
 0.83268554 0.83293824 0.8331132  0.83348261 0.83367708 0.8340857
 0.83472902 0.83495354 0.83518791 0.83592173 0.83874598 0.8398628
 0.84046332 0.84094472 0.84128622 0.84201101 0.84239447 0.84279877
 0.84301129 0.84323408 0.84370063 0.84394443 0.8450907  0.84953659
 0.84978413 0.8500216  0.85024896 0.85083855 0.85102504 0.8515542
 0.85207446 0.85257517 0.85335981 0.85409473 0.85505383 0.85683663
 0.857082   0.85775481 0.85898986 0.85919439 0.86124247 0.86143863
 0.86199497 0.86287015 0.86337493 0.86386996 0.86526139 0.86570496
 0.8664278  0.86685153 0.86779054 0.86836224 0.86860923 0.86914885
 0.86938537 0.87028799 0.87076264 0.87127203 0.87152143 0.8722601
 0.87284159 0.87332183 0.87451471 0.87496385 0.8753096  0.87735116
 0.87798232 0.87863865 0.87940108 0.8797775  0.88176191 0.88199921
 0.88240326 0.88256983 0.88322528 0.88341614 0.88372631 0.8843721
 0.88491142 0.88534312 0.88579985 0.88613688 0.88632954 0.88654635
 0.88678741 0.88758516 0.88805808 0.88826441 0.88872645 0.89193965
 0.89214969 0.89233518 0.89274335 0.89296615 0.8933627  0.89353632
 0.89413215 0.89487871 0.89510309 0.89526528 0.8955021  0.89618947
 0.89654041 0.89675379 0.89728091 0.89748167 0.89780832 0.8988173
 0.89903251 0.89938732 0.89961565 0.90031529 0.90069815 0.90120918
 0.90170805 0.90391548 0.90409766 0.90481451 0.90523272 0.90545513
 0.90561215 0.9057822  0.90614869 0.90634522 0.90701436 0.90808352
 0.90928048 0.90972172 0.91004329 0.91039231 0.91076901 0.91314277
 0.91335926 0.91376604 0.91394253 0.9142688  0.9144185  0.91469089
 0.91530527 0.91717872 0.91738698 0.91758149 0.91794313 0.91811018
 0.91857003 0.91926886 0.91989992 0.92051998 0.92171022 0.92202326
 0.92222265 0.92236507 0.92292179 0.92317899 0.92357927 0.9242676
 0.92441118 0.92492877 0.92557742 0.9262148  0.92694046 0.92712923
 0.92777025 0.92790172 0.92986111 0.93015816 0.93054505 0.93114257
 0.9317713  0.93196624 0.93280863 0.9335947  0.93398939 0.93426335
 0.93472075 0.93488874 0.93507207 0.93528596 0.93540821 0.93554576
 0.93569867 0.93603569 0.93774134 0.93804944 0.93860614 0.93922801
 0.93988466 0.94018293 0.94247441 0.94265165 0.94281285 0.94324882
 0.94342638 0.94410695 0.94459578 0.94577728 0.9459588  0.94609094
 0.94632181 0.94706727 0.94743383 0.94857331 0.94887638 0.94923097
 0.94936597 0.94997454 0.95014403 0.95026277 0.95067025 0.95113033
 0.95147236 0.95240129 0.95313029 0.9533044  0.95675888 0.9574473
 0.95777499 0.95806722 0.9587098  0.95915301 0.95998961 0.96032647
 0.96062675 0.96089001 0.96128571 0.96185286 0.9620235  0.96278477
 0.96291837 0.96378216 0.96393665 0.96420674 0.96449618 0.96472827
 0.96499976 0.96618822 0.96634485 0.96661965 0.96673767 0.96723105
 0.96907633 0.96936144 0.96948381 0.96989236 0.97003584 0.97110923
 0.97125478 0.97146309 0.97158813 0.9718804  0.97238414 0.97248943
 0.97263688 0.97363184 0.9737594  0.97418625 0.97444351 0.97470128
 0.97491657 0.97543514 0.97565203 0.97591296 0.976262   0.97648102
 0.97687721 0.97716388 0.97738428 0.97782741 0.97945281 0.97968247
 0.9799588  0.98058388 0.98072336 0.98109593 0.98121245 0.98149301
 0.98198737 0.98222438 0.9824145  0.98277199 0.98315595 0.98327653
 0.98395551 0.98405294 0.98441984 0.98471487 0.98486276 0.98506053
 0.98555721 0.98575685 0.98605792 0.98620855 0.98630918 0.98658628
 0.98668719 0.98699133 0.98881724 0.98954397 0.98962538 0.99017238
 0.99042115 0.99109189 0.99143108 0.99160184 0.99200288 0.99208928
 0.99226261 0.99234955 0.99255287 0.99264023 0.99281557 0.99293263
 0.99304975 0.99316697 0.99340223 0.99346119 0.99357913 0.99363812
 0.99369705 0.99375594 0.99381478 0.99387359 0.99399133 0.9941687
 0.99422799 0.99446635 0.99452624 0.99461637 0.99625332 0.9967867
 0.99709302 0.99743899 0.99779149 0.99793436 0.99826006 0.99851788
 0.99874219 0.99881764 0.99904622 0.99916184 0.99923942 0.99931741
 0.99947473 0.99959397 0.99967409 0.99971434 0.99979524 0.9998767
 0.99991764 0.99995874 1.         1.        ]","[1.         0.99995651 0.99992752 0.99986953 0.99985504 0.99981155
 0.99978256 0.99971008 0.99969558 0.99966659 0.9996376  0.99957961
 0.99946364 0.99942016 0.99933318 0.99930419 0.99918822 0.99910124
 0.99904326 0.99894178 0.99882581 0.99863737 0.99797054 0.99794155
 0.99791256 0.99785457 0.9977676  0.99773861 0.99763713 0.99755016
 0.99752116 0.99743419 0.99734721 0.99728923 0.99726023 0.99717326
 0.99708628 0.9970283  0.99694132 0.99685434 0.99668039 0.99636148
 0.99631799 0.99611504 0.99607155 0.99595558 0.9958831  0.99579613
 0.9955062  0.99524527 0.9951583  0.9947669  0.99467993 0.99352024
 0.99325931 0.99314334 0.99305636 0.99276644 0.99265047 0.99260698
 0.99240404 0.99236055 0.99212861 0.99204163 0.99198365 0.9918097
 0.99175171 0.99166473 0.99160675 0.99151977 0.99125884 0.99111388
 0.99093993 0.99083846 0.99057753 0.99050504 0.99043256 0.99025861
 0.98985272 0.98978024 0.98930187 0.98922939 0.98899745 0.98847559
 0.98840311 0.98811319 0.9876783  0.98680854 0.98675055 0.98628668
 0.98611272 0.98556187 0.98537342 0.98515598 0.98498202 0.98489505
 0.98477908 0.98456164 0.98447466 0.98418474 0.98403978 0.98377885
 0.98315551 0.98305404 0.98296706 0.98267714 0.9820973  0.98179288
 0.9817059  0.98141598 0.98037226 0.97996637 0.97974893 0.97922707
 0.97896614 0.97819784 0.97709614 0.97702366 0.97632784 0.97596544
 0.97513916 0.97502319 0.97444335 0.97421141 0.97410994 0.97384901
 0.97361707 0.97339963 0.97299374 0.97235591 0.97209498 0.97158761
 0.97100777 0.9708918  0.97050041 0.97039893 0.96993506 0.96967413
 0.96894932 0.96874638 0.96839847 0.96813754 0.96597762 0.96552824
 0.96523832 0.96484692 0.96461498 0.96451351 0.9641656  0.96335382
 0.9630494  0.96290444 0.96216514 0.96154181 0.96130987 0.96100545
 0.96071553 0.96010669 0.9597153  0.95893251 0.95829468 0.95788879
 0.95774382 0.95754088 0.95693204 0.95649716 0.95629421 0.95613476
 0.95578685 0.95401832 0.95388786 0.9537429  0.95358344 0.95158298
 0.95077119 0.95030732 0.95004639 0.94987243 0.94694422 0.94501624
 0.94484228 0.94468283 0.94453786 0.94414647 0.94391453 0.94330569
 0.94313174 0.94281283 0.9425229  0.94174011 0.94079787 0.94010205
 0.9399426  0.93852198 0.93765221 0.93689841 0.93646353 0.93599965
 0.9358112  0.93566624 0.93518787 0.93305694 0.93292648 0.93276702
 0.93257857 0.93083904 0.93065059 0.93012873 0.9298388  0.92960687
 0.92944741 0.92924446 0.92876609 0.92857764 0.9283747  0.92811377
 0.92763539 0.92641772 0.92622927 0.92572191 0.92506958 0.92437377
 0.92393888 0.92330106 0.9227792  0.9224023  0.92179346 0.91947408
 0.91869129 0.91837238 0.91802447 0.91782152 0.91760408 0.91718369
 0.91563261 0.91489331 0.91467587 0.91448742 0.91413951 0.91158819
 0.91096486 0.90995013 0.90890641 0.90865998 0.90842804 0.9082106
 0.90800765 0.90744231 0.90639859 0.90607967 0.90584773 0.9044706
 0.90160037 0.90135394 0.89996231 0.89974487 0.89958541 0.89906355
 0.89865766 0.89841123 0.89754146 0.89684565 0.89571495 0.89438131
 0.89413487 0.89381596 0.89358402 0.89339557 0.89230836 0.89181549
 0.89129363 0.8906848  0.88972805 0.8891627  0.88832193 0.88788705
 0.88739418 0.88711875 0.88285689 0.88252348 0.88169721 0.88120434
 0.88063899 0.87936333 0.87858054 0.87811666 0.87710194 0.87655108
 0.87602922 0.87578279 0.87534791 0.87482605 0.87444915 0.87421721
 0.87339093 0.87195582 0.87175287 0.87146295 0.86894062 0.86811435
 0.86788241 0.86694016 0.86665024 0.86615737 0.86473675 0.86266381
 0.86222892 0.86140264 0.85972109 0.85947466 0.85872086 0.85811203
 0.85756117 0.85656094 0.85569117 0.85531428 0.85500986 0.85454598
 0.85324133 0.85296591 0.85258901 0.85229908 0.85169025 0.85137133
 0.85093645 0.85060304 0.8503711  0.84987823 0.8496173  0.84906645
 0.84819668 0.84789226 0.84757335 0.84657312 0.84274614 0.84123855
 0.84042677 0.83977444 0.83931056 0.83832483 0.83780297 0.83725212
 0.83696219 0.83665778 0.83601995 0.83568654 0.83407747 0.82780065
 0.82743825 0.82709034 0.82675693 0.82588716 0.82561174 0.82482895
 0.82406065 0.82332135 0.82216166 0.82107445 0.81965383 0.81701554
 0.81665314 0.81565291 0.81382639 0.81352198 0.81049229 0.81020237
 0.80937609 0.80807144 0.80731764 0.80657834 0.8044909  0.80382408
 0.80273687 0.80209904 0.80067842 0.79980865 0.79943175 0.79860547
 0.79824307 0.79685144 0.79611214 0.79531486 0.79492346 0.79376377
 0.79285052 0.79209672 0.79021222 0.78950191 0.78895106 0.78570393
 0.7847037  0.78365998 0.78242781 0.78181897 0.77857184 0.77818045
 0.77751363 0.7772382  0.77615099 0.77583208 0.77531022 0.77422301
 0.77330975 0.77257045 0.77178766 0.77120782 0.77087441 0.77049751
 0.77007712 0.76868549 0.76785921 0.76749681 0.76668503 0.76098806
 0.76061116 0.76027775 0.75953844 0.75913255 0.75840775 0.75808883
 0.75698713 0.7555955  0.75517511 0.75487069 0.75442132 0.75311666
 0.75244984 0.75204395 0.75102922 0.75063783 0.75       0.74802853
 0.74760814 0.74691233 0.74646295 0.74508582 0.74433202 0.74331729
 0.74231706 0.73791024 0.73754784 0.73611272 0.73527195 0.73482257
 0.73450365 0.73415575 0.73340195 0.73299606 0.73160443 0.72938652
 0.72690769 0.72599443 0.72532761 0.72460281 0.72382002 0.71871738
 0.71823901 0.71734025 0.71694886 0.71622405 0.71589064 0.7152818
 0.71390467 0.7097153  0.70925142 0.70881654 0.70800475 0.70762786
 0.70658414 0.70498956 0.70353995 0.70211933 0.69937957 0.69865476
 0.69819088 0.69785747 0.69655282 0.69594399 0.69498724 0.69333469
 0.69298678 0.69172562 0.69013104 0.68856546 0.68675345 0.68627508
 0.68465151 0.6843181  0.67936043 0.67860663 0.6776209  0.67609881
 0.67447524 0.67396788 0.67176447 0.66969152 0.6686478  0.667923
 0.66670532 0.66625594 0.66576308 0.66518323 0.66484982 0.66447292
 0.66405253 0.66312478 0.65829758 0.65739882 0.65577525 0.65396324
 0.65204975 0.65117998 0.64456976 0.64406239 0.64359852 0.64233735
 0.64181549 0.63981503 0.63837991 0.63490085 0.63436449 0.6339731
 0.63327728 0.63103038 0.62992868 0.6264786  0.62555085 0.62446364
 0.62404326 0.62212977 0.62159341 0.62121651 0.61991186 0.61843326
 0.61733156 0.61433086 0.61198249 0.61141714 0.60011017 0.59786327
 0.59679056 0.59583382 0.59373188 0.59228227 0.5895425  0.5884408
 0.58745506 0.5865853  0.58526615 0.58335266 0.58277282 0.58016352
 0.57969964 0.57669894 0.57616259 0.57520584 0.57416212 0.57332135
 0.57233561 0.5679143  0.56731996 0.56627624 0.56582686 0.56394236
 0.55694074 0.55586803 0.55540415 0.55383857 0.55328772 0.54914183
 0.54857648 0.5477647  0.54727183 0.54611214 0.54411168 0.54369129
 0.54309695 0.53900905 0.53847269 0.53667517 0.53558796 0.53448626
 0.53355851 0.53129711 0.53034037 0.52918068 0.5276151  0.52662936
 0.52484634 0.52352719 0.52248347 0.52038154 0.51272759 0.51165488
 0.51035023 0.50734953 0.50666821 0.50481271 0.50421837 0.50278325
 0.50024643 0.49902876 0.49804302 0.49615853 0.49412907 0.49349124
 0.48983822 0.48930187 0.48727241 0.48561985 0.48477908 0.48364838
 0.48074916 0.47956048 0.47776296 0.47683521 0.47621188 0.47445785
 0.47380552 0.47183405 0.46016468 0.45546793 0.45493158 0.45130755
 0.44965499 0.4451322  0.44278383 0.44159515 0.43875391 0.43813058
 0.43686942 0.43623159 0.4347095  0.43404268 0.43269454 0.43176679
 0.43081004 0.42982431 0.42779485 0.42727299 0.42620028 0.42564943
 0.42508408 0.42450423 0.42390989 0.42330106 0.42205439 0.4201409
 0.41948858 0.41682129 0.41613997 0.41511075 0.3970196  0.39122115
 0.38782906 0.38391511 0.3798562  0.37817465 0.3742607  0.37111504
 0.36833179 0.36737504 0.36441784 0.36289574 0.36185202 0.36077931
 0.3585759  0.35687986 0.35572017 0.35512583 0.35390815 0.35266149
 0.35200916 0.35134234 0.35066102 0.        ]",0.9348018867696244,0.7512245183561133,0.7987479159084014,0.7512245183561133,0.7680145122460053,"[0.         0.06823028 0.06846719 0.06894101 0.06941483 0.06965174
 0.06965174 0.07107321 0.07131012 0.07225776 0.07367922 0.07391613
 0.07391613 0.07391613 0.07557451 0.07581142 0.07794362 0.07818053
 0.07841744 0.07841744 0.08220801 0.08481403 0.08670931 0.08907842
 0.09452736 0.09452736 0.09452736 0.09452736 0.09452736 0.09500118
 0.0952381  0.09713338 0.09713338 0.09713338 0.09808102 0.09855484
 0.09879176 0.09997631 0.09997631 0.10092395 0.10163468 0.10329306
 0.10329306 0.10352997 0.10376688 0.10542525 0.10542525 0.10779436
 0.10803127 0.108742   0.10968965 0.10992656 0.11111111 0.11111111
 0.11324331 0.11703388 0.11703388 0.11703388 0.11869225 0.11892916
 0.1196399  0.12011372 0.12035063 0.122009   0.122009   0.12224591
 0.12271973 0.1241412  0.12437811 0.12603648 0.12603648 0.12698413
 0.12840559 0.12887941 0.12959014 0.13148543 0.13172234 0.13195925
 0.13290689 0.13385454 0.13480218 0.13503909 0.13574982 0.13882966
 0.1397773  0.14001421 0.1419095  0.14333096 0.14380479 0.14498934
 0.14570007 0.14617389 0.14688462 0.14735845 0.14783227 0.15020137
 0.1506752  0.1506752  0.15351812 0.15375503 0.15375503 0.1551765
 0.15659796 0.15659796 0.15707178 0.15730869 0.16109927 0.16133618
 0.16228382 0.16252073 0.16299455 0.1663113  0.16796968 0.16796968
 0.16868041 0.16915423 0.17176025 0.17176025 0.17199716 0.17223407
 0.1729448  0.17318171 0.17365553 0.17365553 0.17484009 0.17531391
 0.17673537 0.1774461  0.17839375 0.17886757 0.18005212 0.18218432
 0.18313196 0.1840796  0.18526416 0.1862118  0.19213457 0.19213457
 0.19402985 0.1952144  0.19545131 0.19663587 0.19710969 0.19710969
 0.19758351 0.19900498 0.19924189 0.20113717 0.20232172 0.20540156
 0.2061123  0.20729685 0.20824449 0.2084814  0.20895522 0.20990287
 0.20990287 0.21085051 0.21108742 0.21132433 0.21156124 0.21179815
 0.21795783 0.21937929 0.22103767 0.22222222 0.22459133 0.22530206
 0.22743426 0.2283819  0.22885572 0.22885572 0.22909263 0.22909263
 0.22932954 0.22980336 0.23027719 0.23075101 0.23240938 0.23406776
 0.23619995 0.23643686 0.23785833 0.24046434 0.24141199 0.24188581
 0.24591329 0.24686093 0.2482824  0.24899313 0.25088842 0.25302061
 0.25444208 0.2549159  0.25538972 0.257285   0.257285   0.25752191
 0.25799574 0.25823265 0.25870647 0.2594172  0.26083866 0.26249704
 0.26344468 0.26533997 0.26581379 0.26699834 0.2681829  0.2681829
 0.26865672 0.27007818 0.27173656 0.27173656 0.27197347 0.2726842
 0.27292111 0.27292111 0.27339493 0.27671168 0.27789623 0.27908079
 0.27979152 0.28073916 0.28239754 0.28358209 0.28429282 0.28476664
 0.28500355 0.28524046 0.28618811 0.28642502 0.28713575 0.28784648
 0.28808339 0.2925847  0.29329543 0.2949538  0.29590145 0.29755982
 0.29803364 0.29827055 0.29827055 0.29992893 0.29992893 0.30087657
 0.30111348 0.3015873  0.30253494 0.30348259 0.3037195  0.3037195
 0.3037195  0.30443023 0.30561478 0.30561478 0.3060886  0.3060886
 0.30774698 0.30845771 0.30893153 0.31319593 0.3148543  0.31603885
 0.31674959 0.31769723 0.31769723 0.31769723 0.31769723 0.31840796
 0.31888178 0.31982942 0.32077707 0.32125089 0.32196162 0.32219853
 0.32338308 0.32409382 0.32527837 0.32527837 0.32859512 0.32977967
 0.33001658 0.33096423 0.33191187 0.33593935 0.33641317 0.33807155
 0.34091448 0.3413883  0.34257285 0.34423122 0.34470505 0.34517887
 0.34517887 0.3458896  0.3458896  0.34754797 0.34778489 0.34873253
 0.35062781 0.35157546 0.35323383 0.35347074 0.35560294 0.35655058
 0.3570244  0.35868278 0.35963042 0.35986733 0.36294717 0.36318408
 0.36626392 0.36650083 0.36673774 0.36934376 0.37171286 0.37337124
 0.37526652 0.37621417 0.37763563 0.37834636 0.37882018 0.37929401
 0.37953092 0.38024165 0.38095238 0.38829661 0.3901919  0.39042881
 0.39090263 0.39090263 0.39185027 0.39232409 0.392561   0.39374556
 0.39421938 0.3946932  0.39540393 0.39800995 0.4013267  0.40274816
 0.40274816 0.40274816 0.40416963 0.40535418 0.40606491 0.40630182
 0.40677565 0.40748638 0.4079602  0.4079602  0.40890784 0.40914475
 0.40938166 0.40985548 0.41388297 0.41435679 0.41530443 0.41530443
 0.41530443 0.41625207 0.41696281 0.41791045 0.42027955 0.42075338
 0.42335939 0.42478086 0.42738688 0.42928216 0.42975598 0.42999289
 0.43141436 0.43259891 0.43307273 0.43710021 0.43733712 0.43757403
 0.43923241 0.43994314 0.44041696 0.44207534 0.44278607 0.44325989
 0.44325989 0.44397062 0.44539209 0.44752428 0.44870884 0.44894575
 0.45178868 0.45321014 0.45439469 0.45605307 0.45652689 0.46434494
 0.46505567 0.46529258 0.46647714 0.46718787 0.46813551 0.46908316
 0.47026771 0.47074153 0.47168917 0.47311064 0.47334755 0.47405828
 0.47524283 0.47547974 0.47737503 0.48092869 0.48187633 0.48377162
 0.48471926 0.48637764 0.48756219 0.48827292 0.48850983 0.49087894
 0.49158967 0.49774935 0.50011846 0.50059228 0.50082919 0.50225065
 0.50248756 0.50296138 0.50367212 0.50367212 0.50390903 0.50627813
 0.50722578 0.50983179 0.51314854 0.51385928 0.51409619 0.51457001
 0.51528074 0.51836058 0.51836058 0.51859749 0.51859749 0.5188344
 0.51978204 0.52144042 0.52641554 0.52760009 0.52783701 0.52807392
 0.52949538 0.53139067 0.53352286 0.53399668 0.53494433 0.53518124
 0.53707652 0.53944563 0.54015636 0.54015636 0.54039327 0.5432362
 0.54371002 0.54394693 0.54442075 0.54607913 0.54631604 0.55058043
 0.55105425 0.55152807 0.55152807 0.55816157 0.55981995 0.56029377
 0.56124141 0.56147832 0.56195214 0.56455816 0.56858564 0.57190239
 0.5721393  0.57356077 0.57498223 0.57782516 0.5787728  0.57972045
 0.57995736 0.58161573 0.58185264 0.58351102 0.58398484 0.58422175
 0.59038143 0.59891021 0.59938403 0.59962094 0.60009476 0.60199005
 0.60814973 0.60838664 0.60909737 0.60933428 0.61265103 0.61359867
 0.61359867 0.61430941 0.61573087 0.6164416  0.61786307 0.61786307
 0.61952144 0.62141673 0.62354892 0.62568112 0.62781331 0.62876096
 0.62923478 0.62923478 0.6297086  0.63113006 0.63136697 0.63278844
 0.63349917 0.63492063 0.63539446 0.6363421  0.63776356 0.63871121
 0.63942194 0.64676617 0.64771381 0.64771381 0.64771381 0.64913528
 0.64984601 0.65150438 0.65221511 0.65221511 0.65268894 0.65434731
 0.65576878 0.6562426  0.65719024 0.65766406 0.6586117  0.65932244
 0.65979626 0.66050699 0.66098081 0.66240227 0.66263919 0.66666667
 0.66761431 0.67022033 0.67045724 0.67685383 0.67922293 0.68040749
 0.6830135  0.68348733 0.68585643 0.68846245 0.69012082 0.69059465
 0.69154229 0.69296375 0.69485904 0.69509595 0.69580668 0.69864961
 0.69936034 0.70030798 0.70196636 0.70244018 0.70409855 0.70480929
 0.70528311 0.70528311 0.70599384 0.70765222 0.7095475  0.71002132
 0.71333807 0.71428571 0.71926084 0.72139303 0.72162995 0.72234068
 0.72542052 0.72660507 0.72684198 0.73063255 0.73086946 0.73323857
 0.73418621 0.73442312 0.73489694 0.73631841 0.73679223 0.73773987
 0.73821369 0.74010898 0.74034589 0.74105662 0.74176735 0.74224118
 0.74247809 0.74295191 0.74318882 0.74342573 0.74437337 0.74603175
 0.74650557 0.74840085 0.74863776 0.7493485  0.75053305 0.75811419
 0.75906183 0.76143094 0.76214167 0.76451078 0.7671168  0.76759062
 0.76853826 0.76901208 0.77019664 0.77019664 0.77256574 0.77398721
 0.77446103 0.77446103 0.77469794 0.7761194  0.77706705 0.77777778
 0.77848851 0.77943615 0.7803838  0.78085762 0.78156835 0.7827529
 0.78298981 0.78393746 0.78441128 0.78441128 0.79294006 0.79483535
 0.7960199  0.79720445 0.79862592 0.80028429 0.80170576 0.80241649
 0.80549633 0.80644397 0.80904999 0.80976072 0.80999763 0.81094527
 0.8114191  0.81331438 0.81473584 0.81568349 0.81663113 0.81734186
 0.81805259 0.81994788 1.        ]","[0.         0.33672165 0.33730251 0.33788336 0.33834805 0.33956784
 0.34090381 0.34171701 0.34247212 0.34369191 0.34549257 0.34648002
 0.34793216 0.34926812 0.35211431 0.35321794 0.3557737  0.35902649
 0.36187268 0.36332481 0.36710037 0.37075976 0.37348978 0.37854322
 0.39556227 0.39678206 0.39753717 0.40038336 0.40090613 0.40259061
 0.40386849 0.40421701 0.40491403 0.40514638 0.40555297 0.40648234
 0.40677277 0.40857342 0.40927045 0.41002556 0.4110711  0.41269749
 0.41362686 0.41525325 0.41571794 0.41687965 0.41775093 0.42007435
 0.42170074 0.42367565 0.42785781 0.42936803 0.43262082 0.43302742
 0.4366868  0.44603857 0.44795539 0.4483039  0.4503369  0.45068541
 0.45161478 0.45324117 0.45428671 0.45678439 0.45765567 0.45782993
 0.45957249 0.46079229 0.46119888 0.46480019 0.46503253 0.46683318
 0.4683434  0.46921468 0.46991171 0.4723513  0.47438429 0.47496515
 0.47746283 0.47833411 0.48088987 0.48193541 0.48286478 0.49035781
 0.49186803 0.4923908  0.49366868 0.49500465 0.4959921  0.49738615
 0.49843169 0.49936106 0.50197491 0.5027881  0.50371747 0.50470493
 0.50673792 0.50743494 0.5112105  0.51167519 0.51184944 0.51428903
 0.51527649 0.51556691 0.5164382  0.51690288 0.52015567 0.52067844
 0.52172398 0.52230483 0.52340846 0.52950743 0.5308434  0.53136617
 0.53270214 0.53334108 0.53752323 0.5384526  0.53955623 0.54031134
 0.5416473  0.54182156 0.54536478 0.54629414 0.54803671 0.54855948
 0.55070864 0.55297398 0.5544842  0.55611059 0.55843401 0.55988615
 0.56122212 0.56261617 0.56401022 0.5656947  0.57707946 0.57766032
 0.57963522 0.58224907 0.58346887 0.58515335 0.58648931 0.58683783
 0.58747677 0.5889289  0.58916125 0.59049721 0.59136849 0.59444703
 0.5949698  0.59648002 0.59700279 0.59740939 0.59799024 0.60153346
 0.60345028 0.60548327 0.60583178 0.60740009 0.60792286 0.6085618
 0.61541589 0.61593866 0.61750697 0.61942379 0.6205855  0.62134061
 0.62517426 0.62616171 0.62674257 0.62709108 0.62767193 0.62842704
 0.62871747 0.62929833 0.63063429 0.63156366 0.63255112 0.63487454
 0.63690753 0.63731413 0.63911478 0.64016032 0.64097351 0.64149628
 0.64591078 0.64602695 0.64747909 0.64776952 0.64997677 0.65160316
 0.65317147 0.65439126 0.65462361 0.65572723 0.6566566  0.65700511
 0.65851533 0.65863151 0.6590381  0.65967704 0.66263941 0.66368494
 0.66502091 0.66676348 0.66775093 0.66809944 0.66885455 0.66902881
 0.66955158 0.67408225 0.67541822 0.6762895  0.67663801 0.67774164
 0.67832249 0.67884526 0.67930994 0.6847119  0.68575743 0.68651255
 0.68744191 0.68860362 0.69075279 0.69255344 0.69447026 0.6947026
 0.69563197 0.69598048 0.69656134 0.69725836 0.69812965 0.69958178
 0.69987221 0.70399628 0.70475139 0.70573885 0.7067263  0.70736524
 0.70777184 0.70841078 0.70887546 0.71038569 0.71096654 0.71119888
 0.71230251 0.71259294 0.71311571 0.71427742 0.71468401 0.71480019
 0.71503253 0.71631041 0.71787872 0.71822723 0.71909851 0.71938894
 0.72008597 0.72037639 0.72072491 0.72694006 0.72786942 0.72815985
 0.72874071 0.72967007 0.72978625 0.73007667 0.73048327 0.73106413
 0.73187732 0.73286478 0.73344563 0.73425883 0.73495586 0.73513011
 0.73611757 0.73617565 0.73693076 0.73751162 0.73983504 0.74059015
 0.74151952 0.74233271 0.74332017 0.74587593 0.74628253 0.74692147
 0.74831552 0.74912872 0.74982574 0.75087128 0.7512198  0.75168448
 0.75243959 0.75348513 0.75406599 0.75447258 0.75499535 0.75644749
 0.75859665 0.75906134 0.7603973  0.7608039  0.76231413 0.76295307
 0.76341775 0.76457946 0.76545074 0.76579926 0.76800651 0.76800651
 0.77015567 0.77108504 0.77149164 0.77480251 0.7760223  0.77741636
 0.77881041 0.77956552 0.78037872 0.78142426 0.78171468 0.78264405
 0.78305065 0.78310874 0.78363151 0.78984665 0.79170539 0.79199582
 0.79222816 0.79257667 0.7928671  0.7932737  0.7940869  0.79472584
 0.79536478 0.79582946 0.79641032 0.79838522 0.8021027  0.80326441
 0.803671   0.80378717 0.80518123 0.80582017 0.80622677 0.80669145
 0.80715613 0.80738848 0.80773699 0.80802742 0.80895678 0.8093053
 0.80976998 0.81006041 0.81081552 0.81133829 0.81174489 0.81226766
 0.81319703 0.81447491 0.81493959 0.81540428 0.81633364 0.8165079
 0.81761152 0.81830855 0.821329   0.82266496 0.82312965 0.82359433
 0.82481413 0.82510455 0.82568541 0.82829926 0.82882203 0.82888011
 0.83050651 0.83102928 0.8313197  0.83155204 0.83190056 0.83224907
 0.83242333 0.83265567 0.83312035 0.83451441 0.83480483 0.8357342
 0.83672165 0.83712825 0.83730251 0.83811571 0.83840613 0.8425302
 0.84276255 0.84299489 0.84322723 0.84386617 0.8441566  0.84491171
 0.84537639 0.84578299 0.84648002 0.84746747 0.84752556 0.84764173
 0.84799024 0.84845493 0.84955855 0.85025558 0.8513592  0.85269517
 0.85310177 0.85362454 0.85420539 0.8545539  0.85484433 0.85647072
 0.8565869  0.85995586 0.86123374 0.86123374 0.86134991 0.86239545
 0.86286013 0.86326673 0.86361524 0.86390567 0.86396375 0.86512546
 0.86605483 0.86686803 0.86901719 0.86919145 0.86930762 0.86959805
 0.87046933 0.87267658 0.87308318 0.87337361 0.87360595 0.87395446
 0.87412872 0.87587128 0.87848513 0.87883364 0.87929833 0.87958875
 0.88034387 0.88086664 0.88150558 0.88214452 0.88237686 0.8826092
 0.88411942 0.88470028 0.88499071 0.88504879 0.88528113 0.88562965
 0.88597816 0.88597816 0.88609433 0.88644284 0.88655901 0.88754647
 0.8878369  0.88806924 0.88818541 0.8902184  0.89045074 0.89056691
 0.89074117 0.89132203 0.89207714 0.8934131  0.89411013 0.89562035
 0.89579461 0.89666589 0.89765335 0.89835037 0.8986408  0.89887314
 0.89933783 0.89980251 0.90020911 0.90061571 0.90090613 0.90108039
 0.9030553  0.90642426 0.90700511 0.90735362 0.90764405 0.9090381
 0.91165195 0.91182621 0.91211664 0.91217472 0.91438197 0.91478857
 0.915079   0.91554368 0.91589219 0.91682156 0.91728625 0.91740242
 0.91775093 0.91838987 0.91879647 0.91931924 0.92007435 0.92042286
 0.92048095 0.92111989 0.92158457 0.92245586 0.92257203 0.92280437
 0.92390799 0.92431459 0.92437268 0.92483736 0.92524396 0.92565056
 0.92611524 0.92878717 0.9290776  0.9294842  0.92983271 0.93082017
 0.93134294 0.93192379 0.93203996 0.93238848 0.93250465 0.93325976
 0.93378253 0.93401487 0.93476998 0.93517658 0.93523467 0.93558318
 0.93587361 0.93610595 0.93657063 0.9370934  0.93715149 0.93837128
 0.93860362 0.93953299 0.93959108 0.94162407 0.94255344 0.94278578
 0.94348281 0.94383132 0.94464452 0.94650325 0.94714219 0.94731645
 0.94754879 0.94812965 0.94853625 0.94853625 0.9487105  0.94946561
 0.94998838 0.95039498 0.95068541 0.95068541 0.95097584 0.95115009
 0.95149861 0.95167286 0.95202138 0.95254414 0.95341543 0.95370586
 0.95446097 0.95457714 0.95550651 0.95649396 0.95695864 0.95730716
 0.95800418 0.9583527  0.95841078 0.95887546 0.95887546 0.95974675
 0.96009526 0.96015335 0.96026952 0.96061803 0.96085037 0.96108271
 0.96119888 0.96143123 0.9615474  0.9615474  0.96183783 0.961954
 0.96218634 0.96236059 0.96259294 0.96305762 0.96311571 0.96340613
 0.96387082 0.96427742 0.96445167 0.96456784 0.96480019 0.96735595
 0.96747212 0.96851766 0.96886617 0.96973745 0.97055065 0.97078299
 0.97113151 0.97136385 0.9719447  0.97223513 0.97328067 0.97339684
 0.97386152 0.97432621 0.97461664 0.97479089 0.97496515 0.97519749
 0.975546   0.97606877 0.97670771 0.9767658  0.97694006 0.97728857
 0.97734665 0.977579   0.97775325 0.97786942 0.97961199 0.98065753
 0.98123838 0.98170307 0.98176115 0.98205158 0.98257435 0.98274861
 0.98338755 0.9835618  0.98420074 0.98454926 0.98460734 0.98466543
 0.9847816  0.98542054 0.98553671 0.98594331 0.98594331 0.98623374
 0.98629182 0.98646608 1.        ]",0.7745886828140234,"[0.80309745 0.83070828 0.83100866 0.83112242 0.83120317 0.83136602
 0.83147114 0.83169919 0.83193483 0.832      0.83215513 0.83218775
 0.83226092 0.83262035 0.83275947 0.83320201 0.83330049 0.83347301
 0.83371973 0.83395835 0.83409865 0.83422275 0.8344053  0.83564976
 0.8356416  0.83563344 0.83569194 0.83582534 0.83585871 0.8360175
 0.83611774 0.83619275 0.83626953 0.83636273 0.83643882 0.83653127
 0.83667365 0.8368996  0.83690066 0.83683554 0.83685393 0.83708847
 0.83736055 0.83731986 0.83744804 0.83749937 0.8376184  0.83766983
 0.83801827 0.83831733 0.83839501 0.83867069 0.83882341 0.83982202
 0.84000202 0.84011334 0.84013158 0.8404153  0.84042553 0.84043577
 0.84069361 0.84085607 0.84083414 0.8408445  0.84090563 0.84091602
 0.84098527 0.84107306 0.84120128 0.84122789 0.84153784 0.84160732
 0.84174639 0.84179986 0.84200876 0.84207845 0.84211331 0.84223672
 0.84254581 0.84258881 0.84321341 0.84324849 0.84341601 0.84388121
 0.84396291 0.84394219 0.84419583 0.84497918 0.84513707 0.84564277
 0.84569014 0.84591974 0.84615385 0.84623728 0.84621345 0.84625323
 0.84636063 0.84662735 0.84671495 0.84698209 0.84710209 0.84716248
 0.84758692 0.84769518 0.84773919 0.84803616 0.84822171 0.84836663
 0.84843124 0.84865372 0.84888819 0.84922128 0.84926278 0.84965712
 0.84984812 0.85016782 0.85109965 0.8511366  0.85150445 0.8516527
 0.85225292 0.85229014 0.85249022 0.85251799 0.85262211 0.85267337
 0.85276204 0.85293494 0.8529708  0.8530504  0.85310974 0.85331138
 0.85352757 0.85360277 0.85355604 0.85367671 0.85391703 0.85398348
 0.85412443 0.85407771 0.85402317 0.85416667 0.85522716 0.85530271
 0.85543204 0.85565348 0.85577544 0.85585973 0.85608181 0.85607285
 0.85631874 0.85634942 0.85651047 0.856541   0.85645571 0.85654054
 0.85667929 0.85699588 0.85734417 0.85770858 0.8579962  0.85827627
 0.85826087 0.85847928 0.85849622 0.85873059 0.85880942 0.85877093
 0.85890441 0.85926899 0.85930831 0.85941093 0.85943489 0.86031554
 0.86050994 0.86056633 0.86056765 0.86058567 0.86185487 0.86283998
 0.86286509 0.86292297 0.86320597 0.86320071 0.86347666 0.8634639
 0.86362621 0.86378107 0.86426934 0.86443051 0.86460728 0.86463298
 0.86511549 0.86585229 0.86621545 0.86621507 0.86618843 0.86636153
 0.86644436 0.86675715 0.86786991 0.86785491 0.86792346 0.86798455
 0.86874609 0.8687806  0.86908221 0.86916633 0.86921587 0.86927024
 0.8698208  0.86984073 0.8698333  0.86994517 0.87036825 0.87057408
 0.8705943  0.87076429 0.87078265 0.87115119 0.87148525 0.87169008
 0.87170333 0.87169442 0.8719013  0.87262731 0.87275996 0.87294036
 0.87294678 0.87291727 0.87293106 0.87287939 0.87325913 0.87330106
 0.87336601 0.87340221 0.87353302 0.87397517 0.87443552 0.87452293
 0.87488971 0.87493382 0.87489702 0.87500736 0.87505891 0.87505157
 0.87522871 0.87526564 0.87536899 0.87572459 0.87664963 0.87679134
 0.87710829 0.87712395 0.87723694 0.87742552 0.87772665 0.87788542
 0.87813792 0.87820974 0.87891353 0.87919827 0.87919301 0.87941425
 0.87955874 0.87960451 0.87979957 0.87992507 0.87998065 0.88018879
 0.88030771 0.88048485 0.88056533 0.88080354 0.88082807 0.88095961
 0.88221991 0.88229179 0.88256903 0.88281776 0.8830922  0.88362095
 0.8835608  0.88379675 0.88411515 0.88438522 0.88452043 0.88449904
 0.8845655  0.88468669 0.88504112 0.88511507 0.88521545 0.88540051
 0.88544834 0.8854393  0.88605622 0.88609569 0.88633668 0.88651994
 0.88651861 0.88657277 0.88685399 0.88709779 0.88722278 0.88734792
 0.88782922 0.88792014 0.88836856 0.88853705 0.88864947 0.88871961
 0.88860647 0.88854273 0.88871922 0.88876862 0.88964021 0.88971855
 0.88971903 0.8897336  0.8898484  0.88981316 0.88988476 0.89002754
 0.89008524 0.89008593 0.89020791 0.89041624 0.89059081 0.89057673
 0.8905274  0.89073083 0.8910859  0.89148244 0.89158587 0.8916455
 0.89168405 0.89189718 0.89185659 0.89192368 0.89212161 0.89207927
 0.89216777 0.89219088 0.89243289 0.89350288 0.89361702 0.89378771
 0.89379768 0.89380355 0.89388704 0.89393839 0.89419682 0.89434365
 0.89465241 0.89490254 0.89535508 0.89561699 0.89562812 0.89557582
 0.89610302 0.89616375 0.89668775 0.89670659 0.8968454  0.89713311
 0.89719945 0.89736752 0.89773818 0.89775065 0.89802089 0.89821183
 0.89844774 0.89852067 0.89851965 0.89890597 0.89883592 0.89889668
 0.89880539 0.89887406 0.89895688 0.89926855 0.89949784 0.89952521
 0.900112   0.90047659 0.90055404 0.90132413 0.90146011 0.90161735
 0.90156979 0.90179836 0.90241649 0.90234708 0.90257798 0.90276393
 0.90296804 0.9030117  0.9031221  0.90315428 0.9033436  0.90348487
 0.90351759 0.90364303 0.90359454 0.90355987 0.903546   0.90369517
 0.9038212  0.90411255 0.90445906 0.90490082 0.90499124 0.90515479
 0.90553484 0.90550029 0.90552911 0.90548758 0.90563267 0.90567981
 0.90565205 0.90563816 0.90565621 0.90578427 0.90598922 0.90608837
 0.90602338 0.90626388 0.90619443 0.90648444 0.90642884 0.9064197
 0.90650588 0.90690221 0.90705487 0.90741156 0.90752527 0.90833019
 0.90836413 0.90839695 0.90849921 0.90848485 0.90869104 0.90871842
 0.90867649 0.90878687 0.90876524 0.90889636 0.90912577 0.90926552
 0.9093637  0.90962324 0.90984872 0.91018756 0.91027339 0.91021044
 0.9102114  0.91029147 0.91032056 0.91021526 0.91055316 0.91043362
 0.91051383 0.91049261 0.91076095 0.91107941 0.91110406 0.91147202
 0.91160045 0.91198337 0.91206232 0.91220453 0.91230187 0.91236118
 0.91232457 0.91235574 0.91224242 0.91269841 0.91281802 0.9128176
 0.91307179 0.91354396 0.91387364 0.91406314 0.91433739 0.91462412
 0.91537505 0.91546375 0.91566966 0.91638211 0.9166249  0.91665273
 0.91710018 0.91736164 0.91778509 0.91782906 0.91782447 0.91791045
 0.9179535  0.91786291 0.91787111 0.91782919 0.91791553 0.9181097
 0.91835508 0.91850069 0.91915187 0.91931857 0.91968777 0.92010421
 0.92137895 0.92138392 0.92140277 0.92129671 0.9213364  0.92141907
 0.9211884  0.92108795 0.92118227 0.92121538 0.92148241 0.92171331
 0.92189893 0.92260988 0.92292329 0.92343409 0.9234903  0.9238217
 0.92391404 0.92387227 0.92388114 0.92410304 0.9240413  0.92415262
 0.92460022 0.92453006 0.92532067 0.92546702 0.92573832 0.92592238
 0.92611453 0.92673993 0.92690483 0.92688611 0.92697394 0.92706203
 0.92705583 0.927337   0.92745503 0.92769777 0.92758348 0.92732876
 0.9273993  0.92751022 0.92750874 0.92746373 0.92734743 0.92784964
 0.9279571  0.92807142 0.92800569 0.92849868 0.92906485 0.92911759
 0.92914037 0.92939347 0.92942398 0.93056572 0.93060498 0.93069099
 0.93065464 0.93111789 0.9314026  0.93138084 0.93142131 0.93213828
 0.93205128 0.93199614 0.93287435 0.93295969 0.93305981 0.93303668
 0.9331231  0.933297   0.93363219 0.93371316 0.93416135 0.93482576
 0.93486421 0.93509083 0.93551654 0.9357167  0.93569168 0.93579545
 0.93611206 0.93622624 0.93626046 0.93611143 0.93666782 0.93690559
 0.93701336 0.93747813 0.93769033 0.93766112 0.93797992 0.93803949
 0.93855279 0.9385568  0.93864665 0.93853682 0.93900828 0.93898917
 0.93900966 0.93923254 0.93930216 0.93984413 0.93980015 0.93955708
 0.94022011 0.94081272 0.94076039 0.94093686 0.9408609  0.94079711
 0.94090202 0.94080916 0.94173105 0.94161637 0.94233048 0.94239388
 0.94230515 0.94218273 0.94284572 0.94308617 0.94349223 0.94340129
 0.94380054 0.94388994 0.9440238  0.94448206 0.94445197 0.94436151
 0.94485194 0.9453433  0.94530824 0.94534995 0.9452825  0.94491233
 0.94481328 0.94465252 0.94545191 0.94614479 0.94689215 0.9479526
 0.94974188 0.94955037 0.94931654 0.94902386 0.95000781 0.95000784
 0.95067194 0.95049191 0.95029473 0.95031155 0.95098039 0.95142811
 0.95147986 0.95229596 0.95211726 0.95210853 0.95235756 0.95259186
 0.9526705  1.        ]","[1.         0.98646608 0.98629182 0.98623374 0.98594331 0.98594331
 0.98553671 0.98542054 0.9847816  0.98466543 0.98460734 0.98454926
 0.98420074 0.9835618  0.98338755 0.98274861 0.98257435 0.98205158
 0.98176115 0.98170307 0.98123838 0.98065753 0.97961199 0.97786942
 0.97781134 0.97775325 0.977579   0.97734665 0.97728857 0.97694006
 0.9767658  0.97670771 0.97606877 0.975546   0.97519749 0.97496515
 0.97479089 0.97461664 0.97432621 0.97386152 0.97339684 0.97328067
 0.97223513 0.9719447  0.97136385 0.97113151 0.97078299 0.97055065
 0.96973745 0.96886617 0.96851766 0.96747212 0.96735595 0.96480019
 0.96456784 0.96445167 0.96427742 0.96387082 0.96363848 0.96340613
 0.96311571 0.96305762 0.96259294 0.96236059 0.96218634 0.961954
 0.96183783 0.9615474  0.9615474  0.96143123 0.96119888 0.96108271
 0.96085037 0.96061803 0.96026952 0.96015335 0.96009526 0.95974675
 0.95887546 0.95887546 0.95841078 0.9583527  0.95800418 0.95730716
 0.95695864 0.95649396 0.95550651 0.95457714 0.95446097 0.95370586
 0.95341543 0.95254414 0.95202138 0.95167286 0.95149861 0.95115009
 0.95097584 0.95068541 0.95068541 0.95039498 0.94998838 0.94946561
 0.9487105  0.94853625 0.94853625 0.94812965 0.94754879 0.94731645
 0.94714219 0.94650325 0.94464452 0.94383132 0.94348281 0.94278578
 0.94255344 0.94162407 0.93959108 0.93953299 0.93860362 0.93837128
 0.93715149 0.9370934  0.93657063 0.93610595 0.93587361 0.93558318
 0.93523467 0.93517658 0.93476998 0.93401487 0.93378253 0.93325976
 0.93250465 0.93238848 0.93203996 0.93192379 0.93134294 0.93082017
 0.92983271 0.9294842  0.9290776  0.92878717 0.92611524 0.92565056
 0.92524396 0.92483736 0.92437268 0.92431459 0.92390799 0.92280437
 0.92257203 0.92245586 0.92158457 0.92111989 0.92048095 0.92042286
 0.92007435 0.91931924 0.91879647 0.91838987 0.91775093 0.91740242
 0.91728625 0.91682156 0.91589219 0.91554368 0.915079   0.91478857
 0.91438197 0.91217472 0.91211664 0.91182621 0.91165195 0.9090381
 0.90764405 0.90735362 0.90700511 0.90642426 0.9030553  0.90108039
 0.90090613 0.90061571 0.90020911 0.89980251 0.89933783 0.89887314
 0.8986408  0.89835037 0.89765335 0.89666589 0.89579461 0.89562035
 0.89411013 0.8934131  0.89207714 0.89132203 0.89074117 0.89056691
 0.89045074 0.8902184  0.88818541 0.88806924 0.8878369  0.88754647
 0.88655901 0.88644284 0.88609433 0.88597816 0.88597816 0.88562965
 0.88528113 0.88504879 0.88499071 0.88470028 0.88411942 0.8826092
 0.88237686 0.88214452 0.88150558 0.88086664 0.88034387 0.87958875
 0.87929833 0.87883364 0.87848513 0.87587128 0.87412872 0.87395446
 0.87360595 0.87337361 0.87308318 0.87267658 0.87046933 0.86959805
 0.86930762 0.86919145 0.86901719 0.86686803 0.86605483 0.86512546
 0.86396375 0.86390567 0.86361524 0.86326673 0.86286013 0.86239545
 0.86134991 0.86123374 0.86123374 0.85995586 0.8565869  0.85647072
 0.85484433 0.8545539  0.85420539 0.85362454 0.85310177 0.85269517
 0.8513592  0.85025558 0.84955855 0.84845493 0.84799024 0.84764173
 0.84752556 0.84746747 0.84648002 0.84578299 0.84537639 0.84491171
 0.8441566  0.84386617 0.84322723 0.84299489 0.84276255 0.8425302
 0.83840613 0.83811571 0.83730251 0.83712825 0.83672165 0.8357342
 0.83480483 0.83451441 0.83312035 0.83265567 0.83242333 0.83224907
 0.83190056 0.83155204 0.8313197  0.83102928 0.83050651 0.82888011
 0.82882203 0.82829926 0.82568541 0.82510455 0.82481413 0.82359433
 0.82312965 0.82266496 0.821329   0.81830855 0.81796004 0.81761152
 0.8165079  0.81633364 0.81540428 0.81493959 0.81447491 0.81319703
 0.81226766 0.81174489 0.81133829 0.81081552 0.81006041 0.80976998
 0.8093053  0.80895678 0.80802742 0.80773699 0.80738848 0.80715613
 0.80669145 0.80622677 0.80582017 0.80518123 0.80378717 0.803671
 0.80326441 0.8021027  0.79838522 0.79641032 0.79582946 0.79536478
 0.79472584 0.7940869  0.7932737  0.7928671  0.79257667 0.79222816
 0.79199582 0.79170539 0.78984665 0.78363151 0.78310874 0.78305065
 0.78264405 0.78171468 0.78142426 0.78037872 0.77956552 0.77881041
 0.77741636 0.7760223  0.77480251 0.77149164 0.77108504 0.77015567
 0.76800651 0.76800651 0.76579926 0.76545074 0.76457946 0.76341775
 0.76295307 0.76231413 0.7608039  0.7603973  0.75906134 0.75859665
 0.75644749 0.75499535 0.75447258 0.75406599 0.75348513 0.75243959
 0.75168448 0.7512198  0.75087128 0.74982574 0.74912872 0.74831552
 0.74692147 0.74628253 0.74587593 0.74332017 0.74233271 0.74151952
 0.74059015 0.73983504 0.73751162 0.73693076 0.73617565 0.73611757
 0.73513011 0.73495586 0.73425883 0.73344563 0.73286478 0.73187732
 0.73106413 0.73048327 0.73007667 0.72978625 0.72967007 0.72874071
 0.72815985 0.72786942 0.72694006 0.72072491 0.72037639 0.72008597
 0.71938894 0.71909851 0.71822723 0.71787872 0.71631041 0.71503253
 0.71480019 0.71468401 0.71427742 0.71311571 0.71259294 0.71230251
 0.71119888 0.71096654 0.71038569 0.70887546 0.70841078 0.70777184
 0.70736524 0.7067263  0.70573885 0.70475139 0.70399628 0.69987221
 0.69958178 0.69812965 0.69725836 0.69656134 0.69598048 0.69563197
 0.6947026  0.69447026 0.69255344 0.69075279 0.68860362 0.68744191
 0.68651255 0.68575743 0.6847119  0.67930994 0.67884526 0.67832249
 0.67774164 0.67663801 0.6762895  0.67541822 0.67408225 0.66955158
 0.66902881 0.66885455 0.66809944 0.66775093 0.66676348 0.66502091
 0.66368494 0.66263941 0.65967704 0.6590381  0.65863151 0.65851533
 0.65700511 0.6566566  0.65572723 0.65462361 0.65439126 0.65317147
 0.65160316 0.64997677 0.64776952 0.64747909 0.64602695 0.64591078
 0.64149628 0.64097351 0.64016032 0.63911478 0.63731413 0.63690753
 0.63487454 0.63255112 0.63156366 0.63063429 0.62929833 0.62871747
 0.62842704 0.62767193 0.62709108 0.62674257 0.62616171 0.62517426
 0.62134061 0.6205855  0.61942379 0.61750697 0.61593866 0.61541589
 0.6085618  0.60792286 0.60740009 0.60583178 0.60548327 0.60345028
 0.60153346 0.59799024 0.59740939 0.59700279 0.59648002 0.5949698
 0.59444703 0.59136849 0.59049721 0.58916125 0.5889289  0.58747677
 0.58683783 0.58648931 0.58515335 0.58346887 0.58224907 0.57963522
 0.57766032 0.57707946 0.5656947  0.56401022 0.56261617 0.56122212
 0.55988615 0.55843401 0.55611059 0.5544842  0.55372909 0.55297398
 0.55070864 0.54855948 0.54803671 0.54629414 0.54536478 0.54182156
 0.5416473  0.54031134 0.53955623 0.5384526  0.53752323 0.53334108
 0.53270214 0.53136617 0.5308434  0.52950743 0.52340846 0.52230483
 0.52172398 0.52067844 0.52015567 0.51690288 0.5164382  0.51556691
 0.51527649 0.51428903 0.51184944 0.51167519 0.5112105  0.50743494
 0.50673792 0.50470493 0.50371747 0.5027881  0.50197491 0.49936106
 0.49843169 0.49738615 0.4959921  0.49500465 0.49366868 0.4923908
 0.49186803 0.49035781 0.48286478 0.48193541 0.48088987 0.47833411
 0.47746283 0.47496515 0.47438429 0.4723513  0.46991171 0.46921468
 0.4683434  0.46683318 0.46503253 0.46480019 0.46119888 0.46079229
 0.45957249 0.45782993 0.45765567 0.45678439 0.45428671 0.45324117
 0.45161478 0.45068541 0.4503369  0.4483039  0.44795539 0.44603857
 0.4366868  0.43302742 0.43262082 0.42936803 0.42785781 0.42367565
 0.42170074 0.42007435 0.41775093 0.41687965 0.41571794 0.41525325
 0.41362686 0.41269749 0.4110711  0.41002556 0.40927045 0.40857342
 0.40677277 0.40648234 0.40555297 0.40514638 0.40491403 0.40421701
 0.40404275 0.40386849 0.40259061 0.40090613 0.40038336 0.39753717
 0.39678206 0.39556227 0.37854322 0.37348978 0.37075976 0.36710037
 0.36332481 0.36187268 0.35902649 0.3557737  0.35321794 0.35211431
 0.34926812 0.34793216 0.34648002 0.34549257 0.34369191 0.34247212
 0.34171701 0.34090381 0.33956784 0.33834805 0.33788336 0.33730251
 0.33672165 0.        ]",0.9290161781985501,6.552583932876587,0.027779102325439453,0.41,0.62,0.49,0.89,0.78,0.83
