,Model,Parameters,Accuracy Train,Precision Train,Recall Train,F1 Train,FPR Train Plot,TPR Train Plot,ROC AUC Train,Precision Train Plot,Recall Train Plot,PR AUC Train,Accuracy Test,Precision Test,Recall Test,F1 Test,FPR Test Plot,TPR Test Plot,ROC AUC Test,Precision Test Plot,Recall Test Plot,PR AUC Test,Time Fit,Time Predict
0,Random Forest Tree,"Max depth=38, Min samples leaf=5, Criterion=entropy, Number trees=100",0.9987895743940624,0.9987896298408437,0.9987895743940624,0.998789574360424,"[0.00000000e+00 0.00000000e+00 0.00000000e+00 0.00000000e+00
 0.00000000e+00 0.00000000e+00 0.00000000e+00 0.00000000e+00
 0.00000000e+00 0.00000000e+00 0.00000000e+00 0.00000000e+00
 0.00000000e+00 0.00000000e+00 0.00000000e+00 0.00000000e+00
 0.00000000e+00 0.00000000e+00 0.00000000e+00 0.00000000e+00
 0.00000000e+00 0.00000000e+00 0.00000000e+00 0.00000000e+00
 0.00000000e+00 0.00000000e+00 0.00000000e+00 0.00000000e+00
 0.00000000e+00 0.00000000e+00 0.00000000e+00 0.00000000e+00
 0.00000000e+00 0.00000000e+00 0.00000000e+00 0.00000000e+00
 0.00000000e+00 0.00000000e+00 0.00000000e+00 0.00000000e+00
 0.00000000e+00 0.00000000e+00 0.00000000e+00 0.00000000e+00
 0.00000000e+00 0.00000000e+00 0.00000000e+00 0.00000000e+00
 0.00000000e+00 0.00000000e+00 0.00000000e+00 0.00000000e+00
 0.00000000e+00 0.00000000e+00 0.00000000e+00 0.00000000e+00
 0.00000000e+00 0.00000000e+00 0.00000000e+00 0.00000000e+00
 0.00000000e+00 0.00000000e+00 0.00000000e+00 0.00000000e+00
 0.00000000e+00 0.00000000e+00 0.00000000e+00 0.00000000e+00
 0.00000000e+00 0.00000000e+00 0.00000000e+00 0.00000000e+00
 0.00000000e+00 0.00000000e+00 0.00000000e+00 0.00000000e+00
 0.00000000e+00 1.44961150e-05 1.44961150e-05 1.44961150e-05
 1.44961150e-05 1.44961150e-05 1.44961150e-05 1.44961150e-05
 1.44961150e-05 1.44961150e-05 1.44961150e-05 1.44961150e-05
 1.44961150e-05 1.44961150e-05 1.44961150e-05 1.44961150e-05
 1.44961150e-05 1.44961150e-05 1.44961150e-05 1.44961150e-05
 1.44961150e-05 1.44961150e-05 1.44961150e-05 1.44961150e-05
 1.44961150e-05 1.44961150e-05 1.44961150e-05 1.44961150e-05
 1.44961150e-05 1.44961150e-05 1.44961150e-05 1.44961150e-05
 1.44961150e-05 1.44961150e-05 1.44961150e-05 1.44961150e-05
 1.44961150e-05 1.44961150e-05 1.44961150e-05 1.44961150e-05
 1.44961150e-05 1.44961150e-05 1.44961150e-05 1.44961150e-05
 1.44961150e-05 1.44961150e-05 1.44961150e-05 1.44961150e-05
 1.44961150e-05 1.44961150e-05 1.44961150e-05 1.44961150e-05
 1.44961150e-05 1.44961150e-05 1.44961150e-05 1.44961150e-05
 1.44961150e-05 1.44961150e-05 1.44961150e-05 1.44961150e-05
 1.44961150e-05 1.44961150e-05 1.44961150e-05 1.44961150e-05
 1.44961150e-05 1.44961150e-05 1.44961150e-05 1.44961150e-05
 1.44961150e-05 1.44961150e-05 1.44961150e-05 1.44961150e-05
 1.44961150e-05 1.44961150e-05 1.44961150e-05 1.44961150e-05
 1.44961150e-05 1.44961150e-05 1.44961150e-05 1.44961150e-05
 1.44961150e-05 1.44961150e-05 1.44961150e-05 1.44961150e-05
 1.44961150e-05 1.44961150e-05 1.44961150e-05 1.44961150e-05
 1.44961150e-05 1.44961150e-05 1.44961150e-05 1.44961150e-05
 1.44961150e-05 1.44961150e-05 1.44961150e-05 1.44961150e-05
 1.44961150e-05 1.44961150e-05 1.44961150e-05 1.44961150e-05
 1.44961150e-05 1.44961150e-05 1.44961150e-05 1.44961150e-05
 1.44961150e-05 1.44961150e-05 1.44961150e-05 1.44961150e-05
 1.44961150e-05 1.44961150e-05 1.44961150e-05 1.44961150e-05
 1.44961150e-05 1.44961150e-05 1.44961150e-05 1.44961150e-05
 1.44961150e-05 1.44961150e-05 1.44961150e-05 1.44961150e-05
 1.44961150e-05 1.44961150e-05 1.44961150e-05 1.44961150e-05
 1.44961150e-05 1.44961150e-05 1.44961150e-05 1.44961150e-05
 1.44961150e-05 1.44961150e-05 1.44961150e-05 1.44961150e-05
 1.44961150e-05 1.44961150e-05 5.79844602e-05 1.01472805e-04
 1.01472805e-04 1.01472805e-04 1.01472805e-04 1.01472805e-04
 1.01472805e-04 1.01472805e-04 1.01472805e-04 1.01472805e-04
 1.01472805e-04 1.01472805e-04 1.01472805e-04 1.01472805e-04
 1.01472805e-04 1.01472805e-04 1.01472805e-04 1.01472805e-04
 1.01472805e-04 1.01472805e-04 1.01472805e-04 1.01472805e-04
 1.01472805e-04 1.01472805e-04 1.01472805e-04 1.01472805e-04
 1.15968920e-04 1.15968920e-04 1.15968920e-04 1.15968920e-04
 1.15968920e-04 1.15968920e-04 1.15968920e-04 1.15968920e-04
 1.15968920e-04 1.15968920e-04 1.15968920e-04 1.15968920e-04
 1.15968920e-04 1.15968920e-04 1.59457265e-04 1.59457265e-04
 1.59457265e-04 1.59457265e-04 1.59457265e-04 1.59457265e-04
 1.59457265e-04 1.59457265e-04 1.59457265e-04 1.59457265e-04
 1.59457265e-04 1.59457265e-04 1.59457265e-04 1.59457265e-04
 1.59457265e-04 1.59457265e-04 1.59457265e-04 1.59457265e-04
 1.59457265e-04 1.73953380e-04 1.73953380e-04 1.73953380e-04
 1.73953380e-04 1.73953380e-04 1.73953380e-04 1.73953380e-04
 1.73953380e-04 1.73953380e-04 1.73953380e-04 1.73953380e-04
 1.73953380e-04 2.31937841e-04 2.31937841e-04 2.31937841e-04
 2.31937841e-04 2.75426186e-04 2.75426186e-04 2.75426186e-04
 2.75426186e-04 2.75426186e-04 2.75426186e-04 2.75426186e-04
 2.75426186e-04 2.75426186e-04 2.75426186e-04 2.75426186e-04
 2.75426186e-04 2.75426186e-04 2.75426186e-04 2.75426186e-04
 2.75426186e-04 2.89922301e-04 2.89922301e-04 3.04418416e-04
 3.04418416e-04 3.04418416e-04 3.18914531e-04 3.18914531e-04
 3.33410646e-04 3.33410646e-04 3.62402876e-04 3.62402876e-04
 4.20387336e-04 4.20387336e-04 4.49379566e-04 5.21860141e-04
 5.21860141e-04 6.08836832e-04 6.23332947e-04 7.24805752e-04
 7.24805752e-04 8.69766902e-04 8.69766902e-04 1.04372028e-03
 1.05821640e-03 1.11620086e-03 1.14519309e-03 1.17418532e-03
 1.18868143e-03 1.24666589e-03 1.27565812e-03 1.47860373e-03
 1.58007654e-03 1.59457265e-03 1.69604546e-03 1.82651050e-03
 1.94247942e-03 2.04395222e-03 2.18891337e-03 2.24689783e-03
 2.30488229e-03 2.73976574e-03 2.81224632e-03 3.29061811e-03
 3.30511423e-03 3.89945495e-03 3.92844718e-03 3.94294329e-03
 3.95743941e-03 4.82720631e-03 4.84170242e-03 4.85619854e-03
 4.87069465e-03 4.88519077e-03 5.91441494e-03 5.92891105e-03
 6.87115853e-03 6.88565464e-03 8.61069233e-03 8.65418068e-03
 1.06691407e-02 1.06836368e-02 1.06981329e-02 1.07271251e-02
 1.07416212e-02 1.29450307e-02 1.29740230e-02 1.29885191e-02
 1.30175113e-02 1.56558042e-02 1.56992926e-02 1.87434767e-02
 1.87724690e-02 2.24689783e-02 2.24979705e-02 2.63974255e-02
 2.64844022e-02 2.64988983e-02 3.01664154e-02 3.02099037e-02
 3.02533921e-02 3.43847849e-02 3.44282732e-02 3.44572655e-02
 3.87626116e-02 3.87771077e-02 3.88350922e-02 4.42131509e-02
 4.42276470e-02 4.42711353e-02 4.43001276e-02 4.43436159e-02
 4.44160965e-02 4.44305926e-02 4.97941552e-02 4.98811319e-02
 5.53171750e-02 5.53461672e-02 5.54186478e-02 5.54476400e-02
 6.21158530e-02 6.21593413e-02 6.22028296e-02 6.22753102e-02
 6.89145309e-02 6.89580193e-02 6.89870115e-02 6.90160037e-02
 6.90739882e-02 6.90884843e-02 6.91174765e-02 6.91464687e-02
 7.58871622e-02 7.59306506e-02 7.59596428e-02 7.59886350e-02
 7.61480923e-02 7.61770845e-02 7.62060768e-02 7.62495651e-02
 7.62640612e-02 8.45703352e-02 8.46428157e-02 8.46718080e-02
 8.47732808e-02 9.33404848e-02 9.35434304e-02 1.03009393e-01
 1.03052882e-01 1.03299316e-01 1.03328308e-01 1.03444277e-01
 1.03473269e-01 1.03502261e-01 1.03560246e-01 1.13548069e-01
 1.13577061e-01 1.13606054e-01 1.13649542e-01 1.13707526e-01
 1.13736519e-01 1.13765511e-01 1.25333411e-01 1.25376899e-01
 1.25405891e-01 1.25463876e-01 1.25492868e-01 1.25507364e-01
 1.25594341e-01 1.25623333e-01 1.25666821e-01 1.25710310e-01
 1.25768294e-01 1.25840775e-01 1.25855271e-01 1.38988751e-01
 1.39061232e-01 1.39090224e-01 1.39119216e-01 1.39191697e-01
 1.39220689e-01 1.39278673e-01 1.39307666e-01 1.39336658e-01
 1.39380146e-01 1.53281920e-01 1.53310913e-01 1.53412385e-01
 1.53499362e-01 1.53571843e-01 1.53629827e-01 1.53731300e-01
 1.69488577e-01 1.69561058e-01 1.69590050e-01 1.69619042e-01
 1.69648034e-01 1.69662530e-01 1.69749507e-01 1.69778499e-01
 1.69836484e-01 1.69865476e-01 1.69981445e-01 1.87536240e-01
 1.87565233e-01 1.87666705e-01 1.87753682e-01 1.87797170e-01
 1.87840659e-01 1.87927635e-01 2.07627856e-01 2.07642352e-01
 2.07671344e-01 2.07685840e-01 2.07772817e-01 2.07917778e-01
 2.07946770e-01 2.07975762e-01 2.08033747e-01 2.08062739e-01
 2.30343268e-01 2.30415749e-01 2.30473733e-01 2.30604198e-01
 2.30618694e-01 2.30647686e-01 2.30691175e-01 2.30763655e-01
 2.30792648e-01 2.56291314e-01 2.56450771e-01 2.56581236e-01
 2.56610228e-01 2.56653717e-01 2.56682709e-01 2.56798678e-01
 2.56827670e-01 2.56943639e-01 2.86095326e-01 2.86240288e-01
 2.86283776e-01 2.86341760e-01 2.86370753e-01 2.86472225e-01
 2.86530210e-01 2.86617187e-01 2.86631683e-01 2.86660675e-01
 2.86704163e-01 3.18856546e-01 3.18885539e-01 3.18914531e-01
 3.18929027e-01 3.18958019e-01 3.18972515e-01 3.19016004e-01
 3.19088484e-01 3.19102980e-01 3.19291430e-01 3.19349414e-01
 3.19421895e-01 3.19436391e-01 3.19494376e-01 3.19523368e-01
 3.19566856e-01 3.56952337e-01 3.56981329e-01 3.56995825e-01
 3.57024817e-01 3.57039313e-01 3.57111794e-01 3.57140786e-01
 3.57329236e-01 3.57358228e-01 3.57430709e-01 3.57445205e-01
 3.57488693e-01 3.57517685e-01 3.57546677e-01 3.57590166e-01
 3.99730372e-01 3.99788357e-01 3.99817349e-01 3.99846341e-01
 3.99875333e-01 3.99904326e-01 4.00049287e-01 4.00092775e-01
 4.00179752e-01 4.00223240e-01 4.47741505e-01 4.47770498e-01
 4.47813986e-01 4.47842978e-01 4.47857474e-01 4.47886466e-01
 4.48045924e-01 4.48089412e-01 4.48176389e-01 4.48263365e-01
 5.05044648e-01 5.05117129e-01 5.05146121e-01 5.05204105e-01
 5.05233098e-01 5.05247594e-01 5.05349066e-01 5.05378059e-01
 5.05537516e-01 5.05595500e-01 5.05682477e-01 5.05696973e-01
 5.05783950e-01 5.05812942e-01 5.05856430e-01 5.05885423e-01
 5.05914415e-01 5.05972399e-01 5.71857242e-01 5.71944219e-01
 5.72045692e-01 5.72089180e-01 5.72292126e-01 5.72321118e-01
 5.72379102e-01 5.72509567e-01 6.55035950e-01 6.55093935e-01
 6.55209904e-01 6.55369361e-01 6.55383857e-01 6.55412849e-01
 6.55528818e-01 6.55557811e-01 6.55586803e-01 7.67467819e-01
 7.67496811e-01 7.67583788e-01 7.67815725e-01 7.67830222e-01
 7.67888206e-01 7.67917198e-01 7.67931694e-01 7.68004175e-01
 7.68033167e-01 1.00000000e+00]","[0.         0.18875391 0.18878291 0.1887974  0.18884089 0.18902934
 0.18904384 0.18907283 0.18911632 0.18914531 0.30965151 0.30968051
 0.3097095  0.30982547 0.30988345 0.30991244 0.30992694 0.3100864
 0.31010089 0.31012989 0.31017337 0.39715006 0.39716456 0.39733851
 0.39741099 0.39742549 0.39746898 0.39748347 0.39781689 0.39784588
 0.39791836 0.39797634 0.39800533 0.46539777 0.46542677 0.46555723
 0.46561522 0.46591963 0.46594863 0.4660356  0.46609359 0.46610808
 0.46613708 0.46615157 0.52300533 0.52303433 0.52309231 0.52316479
 0.52317929 0.52325177 0.52330975 0.52333875 0.52336774 0.5235127
 0.52352719 0.52365766 0.52367216 0.57092949 0.57095848 0.57101647
 0.57103096 0.57107445 0.57110344 0.57117592 0.57121941 0.57129189
 0.57143685 0.57148034 0.57152383 0.57155282 0.57156732 0.57159631
 0.5716253  0.61237388 0.61241737 0.61248985 0.61250435 0.61273629
 0.61275078 0.61279427 0.61289574 0.61296822 0.61299722 0.61301171
 0.61317117 0.61322915 0.61328714 0.61331613 0.61337412 0.6134176
 0.6134466  0.64906355 0.64909254 0.64916502 0.64917952 0.6492665
 0.64928099 0.64939696 0.64944045 0.64945495 0.64948394 0.64949843
 0.64952743 0.64957091 0.64959991 0.68105648 0.68109997 0.68114345
 0.68120144 0.68128841 0.68131741 0.6813464  0.6813609  0.68149136
 0.68152035 0.68154934 0.68162183 0.6817088  0.70967181 0.70972979
 0.70975878 0.70977328 0.70987475 0.70991824 0.70994723 0.70997623
 0.71016468 0.71023716 0.71026615 0.71029514 0.71033863 0.71036762
 0.71039661 0.73561985 0.73564885 0.73567784 0.73569233 0.73573582
 0.73575032 0.73592427 0.73593877 0.73596776 0.73605474 0.73608373
 0.73614171 0.7361997  0.75910356 0.75913255 0.75916154 0.75920503
 0.75934999 0.75939348 0.75949496 0.75952395 0.75959643 0.77994897
 0.77999246 0.78002145 0.78003595 0.78006494 0.78012293 0.78015192
 0.78031138 0.78032587 0.78036936 0.78045634 0.78054331 0.79898237
 0.79902586 0.79906935 0.79909834 0.79921431 0.7992723  0.79931578
 0.79933028 0.79935927 0.79941726 0.81684159 0.81685608 0.81688507
 0.81695756 0.81700104 0.81705903 0.817175   0.81720399 0.81723298
 0.81727647 0.81734895 0.81736345 0.81740693 0.81742143 0.83275832
 0.83281631 0.83287429 0.83288879 0.83291778 0.83296127 0.83299026
 0.83301925 0.83307724 0.83310623 0.83312072 0.84745738 0.84758785
 0.84767482 0.84768932 0.84771831 0.84779079 0.86154761 0.8615621
 0.86177954 0.86201148 0.86202598 0.86211295 0.86215644 0.86221443
 0.86225791 0.87452163 0.87456512 0.87459411 0.8746376  0.87468109
 0.87472457 0.87475357 0.87476806 0.87479705 0.87482605 0.8858286
 0.88588658 0.88595906 0.88601705 0.88603154 0.88606054 0.88613302
 0.89601937 0.89607735 0.89613534 0.89614983 0.89619332 0.89623681
 0.8962658  0.8962803  0.90545634 0.90557231 0.90564479 0.90565928
 0.90568828 0.90570277 0.91498029 0.91500928 0.91516873 0.91518323
 0.91521222 0.91525571 0.9153137  0.91535718 0.91540067 0.9246202
 0.92469268 0.93323089 0.93333237 0.94047895 0.94055143 0.94059492
 0.94063841 0.94778499 0.94782848 0.94784298 0.94790096 0.94794445
 0.95352546 0.95353995 0.95358344 0.95361243 0.95364142 0.95367042
 0.95941088 0.95942537 0.95945437 0.95949785 0.96480343 0.96494839
 0.96502087 0.96993506 0.96996405 0.97006552 0.97451583 0.97898063
 0.97903862 0.98279311 0.9828511  0.9861852  0.98621419 0.98864954
 0.98869303 0.99086745 0.99089644 0.99282442 0.99283892 0.99431752
 0.99434652 0.99437551 0.99537574 0.99539024 0.99612954 0.99614403
 0.99615853 0.99675287 0.99676737 0.99731822 0.99734721 0.99752116
 0.99757915 0.99773861 0.99778209 0.99785457 0.99794155 0.99802853
 0.9981445  0.99824597 0.99827496 0.99841992 0.99844892 0.99862287
 0.99865186 0.99870985 0.99873884 0.99876783 0.99881132 0.9988693
 0.9988693  0.99907225 0.99907225 0.99908674 0.99917372 0.99930419
 0.99930419 0.99940566 0.99940566 0.99944915 0.99950713 0.99950713
 0.99957961 0.99957961 0.99957961 0.99959411 0.9996231  0.9996231
 0.9996376  0.9996376  0.99965209 0.99965209 0.99966659 0.99966659
 0.99966659 0.99966659 0.99966659 0.99966659 0.99966659 0.99966659
 0.99966659 0.99968109 0.99968109 0.99969558 0.99969558 0.99969558
 0.99971008 0.99972457 0.99973907 0.99973907 0.99973907 0.99973907
 0.99975357 0.99975357 0.99975357 0.99975357 0.99975357 0.99975357
 0.99975357 0.99976806 0.99976806 0.99976806 0.99976806 0.99976806
 0.99976806 0.99976806 0.99976806 0.99976806 0.99976806 0.99978256
 0.99978256 0.99978256 0.99981155 0.99981155 0.99981155 0.99981155
 0.99981155 0.99981155 0.99981155 0.99981155 0.99981155 0.99981155
 0.99982605 0.99982605 0.99982605 0.99984054 0.99984054 0.99984054
 0.99984054 0.99984054 0.99984054 0.99984054 0.99984054 0.99985504
 0.99985504 0.99985504 0.99989853 0.99989853 0.99989853 0.99989853
 0.99989853 0.99989853 0.99989853 0.99989853 0.99989853 0.99989853
 0.99989853 0.99989853 0.99989853 0.99995651 0.99995651 0.99995651
 0.99995651 0.99995651 0.99995651 0.99995651 0.99995651 0.99995651
 0.99995651 0.99995651 0.99995651 0.99995651 0.99995651 0.99995651
 0.99995651 0.99995651 0.99995651 0.99995651 0.99995651 0.99995651
 0.99995651 0.99995651 0.99995651 0.99997101 0.99997101 0.99997101
 0.99997101 0.99997101 0.99997101 0.99997101 0.99997101 0.99997101
 0.99997101 0.99997101 0.99997101 0.99997101 0.99997101 0.99997101
 0.99997101 0.99997101 0.99997101 0.99997101 0.99997101 0.99997101
 0.99997101 0.99997101 0.99997101 0.99997101 0.99997101 0.99997101
 0.99997101 0.99997101 0.9999855  0.9999855  0.9999855  0.9999855
 0.9999855  0.9999855  0.9999855  0.9999855  0.9999855  0.9999855
 0.9999855  0.9999855  0.9999855  0.9999855  0.9999855  0.9999855
 0.9999855  0.9999855  0.9999855  0.9999855  0.9999855  0.9999855
 0.9999855  0.9999855  0.9999855  0.9999855  0.9999855  0.9999855
 0.9999855  0.9999855  0.9999855  0.9999855  0.9999855  1.
 1.         1.         1.         1.         1.         1.
 1.         1.         1.         1.         1.         1.
 1.         1.         1.         1.         1.         1.
 1.         1.         1.         1.         1.         1.
 1.         1.         1.         1.         1.         1.
 1.         1.         1.         1.         1.         1.
 1.         1.         1.         1.         1.         1.
 1.         1.         1.         1.         1.         1.
 1.         1.         1.         1.         1.         1.
 1.         1.         1.         1.         1.         1.
 1.         1.         1.         1.         1.         1.
 1.         1.         1.         1.         1.         1.
 1.         1.         1.         1.         1.         1.
 1.         1.         1.         1.         1.         1.
 1.         1.         1.         1.         1.         1.
 1.         1.         1.         1.         1.         1.
 1.         1.         1.         1.         1.         1.
 1.         1.         1.         1.         1.         1.
 1.         1.        ]",0.9999471663215214,"[0.79567238 0.79574345 0.79576181 0.79578935 0.79579853 0.79580771
 0.79589035 0.79589953 0.79590871 0.7959179  0.79592708 0.79593626
 0.79594545 0.79595463 0.79596382 0.795973   0.79598218 0.79599137
 0.81248233 0.81250147 0.81251104 0.81252061 0.81253018 0.81253975
 0.81254932 0.81257804 0.81259718 0.81260675 0.81269291 0.81271206
 0.81273121 0.81274079 0.81275037 0.81275994 0.81276952 0.81277909
 0.82776951 0.82777944 0.82778938 0.82782911 0.82783905 0.82784898
 0.82786885 0.82796822 0.82798809 0.82800797 0.82802785 0.82803779
 0.82805767 0.82806761 0.84180019 0.84181046 0.84182073 0.84183101
 0.84184128 0.84185155 0.84186183 0.84189265 0.84190293 0.8419132
 0.84192348 0.84198513 0.84199541 0.84200569 0.84201597 0.84202624
 0.84203652 0.8420468  0.84205708 0.84207764 0.85471261 0.85479554
 0.85480613 0.85481672 0.85483791 0.8548591  0.85486969 0.85488029
 0.85494386 0.85495445 0.85497565 0.85498624 0.85499684 0.85501803
 0.85502863 0.85503923 0.85504983 0.85506043 0.85507103 0.86674959
 0.86676049 0.86677138 0.86678227 0.86679316 0.86680405 0.86681494
 0.86682584 0.86686941 0.86692388 0.86698925 0.86700015 0.86701105
 0.86702195 0.86703284 0.86704374 0.86705464 0.86706554 0.86708733
 0.87766709 0.87767825 0.87768942 0.87770059 0.87772292 0.87773409
 0.87774526 0.8777676  0.87778994 0.87780111 0.87781228 0.87786813
 0.8778793  0.87789048 0.87791282 0.877924   0.87793517 0.87794634
 0.87795752 0.87796869 0.88821075 0.88822219 0.88827794 0.88830082
 0.8883237  0.88833514 0.88834658 0.88835802 0.88839234 0.88840378
 0.88841522 0.88848388 0.88849532 0.88851821 0.88856399 0.88858689
 0.88859833 0.88860978 0.88862123 0.89785107 0.89786276 0.89787445
 0.89789782 0.89794457 0.89795626 0.89796795 0.89797964 0.89800302
 0.89801471 0.8980264  0.90615435 0.90616626 0.90617816 0.90619006
 0.90620197 0.90622578 0.90623768 0.90624959 0.90634485 0.90636867
 0.90656625 0.90657817 0.90659008 0.906602   0.91445048 0.91446261
 0.91447473 0.91448685 0.91449898 0.9145111  0.91452323 0.91453535
 0.91454748 0.91455961 0.91457173 0.91458386 0.91459599 0.91460811
 0.91462024 0.9218443  0.92185662 0.92186894 0.92188126 0.92189359
 0.92190591 0.92191823 0.92193055 0.9219552  0.92196752 0.92197984
 0.92199217 0.92200449 0.92201682 0.92913333 0.92914584 0.92918339
 0.92919591 0.92920843 0.92923346 0.92936833 0.92939338 0.9294059
 0.92941842 0.92945505 0.93531589 0.93532858 0.93534126 0.93536663
 0.93537932 0.93543006 0.93544275 0.93545543 0.93548081 0.935518
 0.94136594 0.94137879 0.94139164 0.94140449 0.94141734 0.94143019
 0.94146794 0.94148079 0.94149365 0.9415065  0.9474559  0.94746892
 0.94748194 0.94754702 0.94756004 0.94757306 0.95248025 0.95249341
 0.95250656 0.95251971 0.95253287 0.95254602 0.95255918 0.95745183
 0.95746512 0.9575304  0.9575437  0.95755699 0.95757029 0.95759688
 0.95763618 0.95764948 0.96260834 0.96263522 0.96266209 0.96267553
 0.96668302 0.96669657 0.96671012 0.96675077 0.97062839 0.97064205
 0.97065571 0.97066937 0.97070994 0.97417897 0.97419273 0.97423401
 0.9742753  0.97799175 0.97800562 0.97801948 0.98156898 0.98159666
 0.98453939 0.98458156 0.98714646 0.98717453 0.98718848 0.98721656
 0.98936933 0.98938353 0.98941176 0.98942596 0.98944    0.99141723
 0.99143149 0.99144574 0.99146    0.99315917 0.99317347 0.99410408
 0.99411841 0.99513694 0.99515131 0.9951656  0.99517996 0.99519425
 0.99605674 0.99607107 0.99608546 0.99609979 0.99611412 0.99670439
 0.9967188  0.99719446 0.99720884 0.99722323 0.99723761 0.99725199
 0.99726638 0.99769929 0.99771369 0.99772809 0.9977425  0.99775691
 0.99781457 0.99795901 0.99797342 0.99798784 0.99800226 0.99801668
 0.9980311  0.99804552 0.99805994 0.99817555 0.99818998 0.99820441
 0.99821884 0.99823327 0.9982477  0.99826213 0.99827656 0.99829099
 0.99830543 0.99840651 0.99842095 0.99852221 0.99853666 0.9985511
 0.99856555 0.99858    0.99859445 0.9986089  0.99862335 0.9986378
 0.99865225 0.99866671 0.99868116 0.99869561 0.99871007 0.99872453
 0.99875348 0.99876794 0.9987824  0.99879686 0.99881132 0.99882575
 0.99884021 0.99885467 0.9988836  0.99889807 0.99891254 0.99892701
 0.99894148 0.99895593 0.9989704  0.99898487 0.99899935 0.99901382
 0.9990283  0.99904277 0.99905725 0.99907172 0.9990862  0.99910068
 0.99911516 0.99912964 0.99912961 0.9991441  0.99915858 0.99917306
 0.99918755 0.99920203 0.99921652 0.999231   0.99924549 0.99925998
 0.99927447 0.99927445 0.99928894 0.99930343 0.99931792 0.99933241
 0.99934691 0.9993614  0.9993759  0.99939033 0.99940483 0.99941933
 0.99943383 0.99944833 0.99946283 0.99947734 0.99947729 0.9994918
 0.9995063  0.99952081 0.99953532 0.99954982 0.99957884 0.99957877
 0.99959328 0.9996078  0.99962231 0.99963683 0.99963677 0.99965128
 0.9996658  0.99966562 0.99968015 0.99967996 0.9996945  0.99969449
 0.99969427 0.99970882 0.99970852 0.99972308 0.99972308 0.99972308
 0.99972266 0.99972266 0.99972212 0.99972212 0.99972211 0.9997215
 0.9997215  0.99972149 0.99972149 0.9997208  0.9997208  0.99972079
 0.99971985 0.99971984 0.99971984 0.99971983 0.99971983 0.99971876
 0.99971875 0.99971875 0.99971874 0.99971874 0.99971745 0.99971616
 0.99976094 0.99976093 0.99976093 0.99975971 0.99975971 0.99975971
 0.9997597  0.9997597  0.99975969 0.99981973 0.99981874 0.99981873
 0.99981873 0.99981873 0.99981872 0.99981872 0.99981763 0.99981763
 0.99981762 0.99981762 0.99981762 0.99981761 0.9998176  0.9998176
 0.99981653 0.99983181 0.9998318  0.99983179 0.99983179 0.99983051
 0.99983051 0.9998305  0.9998305  0.99983049 0.99983049 0.99983049
 0.99983048 0.99983048 0.99983048 0.99982918 0.99982918 0.99982918
 0.99982917 0.99982917 0.99982917 0.99982917 0.99982916 0.99982759
 0.99982758 0.99982758 0.99982758 0.99982758 0.99982757 0.99982584
 0.99982583 0.99982583 0.99982583 0.99982582 0.99982581 0.99982581
 0.9998258  0.9998258  0.9998258  0.99982579 0.99987328 0.99987327
 0.99987327 0.99987197 0.99987197 0.99987197 0.99987197 0.99987195
 0.99987195 0.99987195 0.99987195 0.99987195 0.99987194 0.99987194
 0.99987194 0.99987194 0.99987063 0.99987063 0.99987062 0.99987062
 0.99987062 0.99987062 0.99987061 0.99987061 0.99988677 0.99988677
 0.99988677 0.99988677 0.99988676 0.9998855  0.9998855  0.9998855
 0.9998855  0.99988549 0.99988549 0.99988549 0.99988549 0.99988548
 0.99988547 0.99988547 0.99988547 0.99988546 0.99988546 0.99988402
 0.99988402 0.99988402 0.99988401 0.99988401 0.99988401 0.999884
 0.999884   0.999884   0.999884   0.99988399 0.99988399 0.99988398
 0.99988398 0.99988398 0.99988233 0.99988233 0.99988233 0.99988233
 0.99988232 0.99988232 0.99988231 0.99988231 0.9998823  0.9998823
 0.99993272 0.99998317 0.99998317 0.9999829  0.9999829  0.9999829
 0.9999829  0.9999829  0.9999829  0.9999829  0.9999829  0.9999829
 0.9999829  0.9999829  0.9999829  0.9999829  0.9999829  0.9999829
 0.9999829  0.9999829  0.99998289 0.9999826  0.9999826  0.9999826
 0.9999826  0.9999826  0.9999826  0.9999826  0.9999826  0.9999826
 0.9999826  0.9999826  0.9999826  0.99998259 0.99998259 0.99998259
 0.99998259 0.99998259 0.99998227 0.99998227 0.99998227 0.99998226
 0.99998226 0.99998226 0.99998226 0.99998226 0.99998226 0.99998226
 0.99998226 0.99998226 0.99998226 0.99998226 0.99998226 0.99998226
 0.99998226 0.99998226 0.99998226 0.99998225 0.99998225 0.99998225
 0.99998187 0.99998187 0.99998187 0.99998187 0.99998187 0.99998187
 0.99998186 0.99998186 0.99998186 0.99998186 0.99998186 0.99998186
 0.99998186 0.99998186 0.99998186 0.99998186 0.99998143 0.99998143
 0.99998143 0.99998143 0.99998143 0.99998143 0.99998143 0.99998142
 0.99998142 0.99998142 0.99998142 0.99998142 0.99998142 0.99998142
 0.99998142 0.99998142 0.99998142 0.99998142 0.99998141 0.99998141
 0.99998092 0.99998092 0.99998092 0.99998092 0.99998091 0.99998091
 0.99998091 0.99998091 0.99998091 0.99998091 0.99998091 0.99998091
 0.99998091 0.99998091 0.99998091 0.9999809  0.9999809  0.9999809
 0.99998031 0.99998031 0.99998031 0.99998031 0.99998031 0.99998031
 0.99998031 0.99998031 0.99998031 0.9999803  0.9999803  0.9999803
 0.9999803  0.9999803  0.9999803  0.9999803  0.9999803  0.9999803
 0.99998029 0.99998029 0.99997959 0.99997959 0.99997959 0.99997959
 0.99997959 0.99997959 0.99997959 0.99997959 0.99997959 0.99997959
 0.99997959 0.99997959 0.99997959 0.99997958 0.99997958 0.99997958
 0.99997958 0.99997958 0.99997958 0.99997958 0.99997958 0.99997958
 0.99997958 0.99997958 0.99997957 0.99997957 0.99997957 0.99997874
 0.99997874 0.99997874 0.99997873 0.99997873 0.99997873 0.99997873
 0.99997873 0.99997873 0.99997873 0.99997873 0.99997873 0.99997872
 0.99997872 0.99997872 0.99997872 0.99997872 0.99997872 0.99997872
 0.99997872 0.99997872 0.99997872 0.99997872 0.99997872 0.99997872
 0.99997769 0.99997768 0.99997768 0.99997768 0.99997768 0.99997768
 0.99997768 0.99997768 0.99997768 0.99997767 0.99997767 0.99997767
 0.99997767 0.99997767 0.99997767 0.99997767 0.99997767 0.99997767
 0.99997637 0.99997637 0.99997637 0.99997637 0.99997637 0.99997637
 0.99997636 0.99997636 0.99997636 0.99997636 0.99997636 0.99997636
 0.99997635 0.99997635 0.99997635 0.99997635 0.99997635 0.99997635
 0.99997635 0.99997635 0.99997634 0.99997634 0.99997634 1.
 1.         1.         1.         1.         1.         1.
 1.         1.         1.         1.         1.         1.
 1.         1.         1.         1.         1.         1.
 1.         1.         1.         1.         1.         1.
 1.         1.         1.         1.         1.         1.
 1.         1.         1.         1.         1.         1.
 1.         1.         1.         1.         1.         1.
 1.         1.         1.         1.         1.         1.
 1.         1.         1.         1.         1.         1.
 1.         1.         1.         1.         1.         1.
 1.         1.         1.         1.         1.         1.
 1.         1.         1.         1.         1.         1.
 1.         1.         1.         1.         1.         1.
 1.         1.         1.         1.         1.         1.
 1.         1.         1.         1.         1.         1.
 1.         1.         1.         1.         1.         1.
 1.         1.         1.         1.         1.         1.
 1.         1.        ]","[1.         0.9999855  0.9999855  0.9999855  0.9999855  0.9999855
 0.9999855  0.9999855  0.9999855  0.9999855  0.9999855  0.9999855
 0.9999855  0.9999855  0.9999855  0.9999855  0.9999855  0.9999855
 0.9999855  0.9999855  0.9999855  0.9999855  0.9999855  0.9999855
 0.9999855  0.9999855  0.9999855  0.9999855  0.9999855  0.9999855
 0.9999855  0.9999855  0.9999855  0.9999855  0.9999855  0.9999855
 0.9999855  0.9999855  0.9999855  0.9999855  0.9999855  0.9999855
 0.9999855  0.9999855  0.9999855  0.9999855  0.9999855  0.9999855
 0.9999855  0.9999855  0.9999855  0.9999855  0.9999855  0.9999855
 0.9999855  0.9999855  0.9999855  0.9999855  0.9999855  0.9999855
 0.9999855  0.9999855  0.9999855  0.9999855  0.9999855  0.9999855
 0.9999855  0.9999855  0.9999855  0.9999855  0.9999855  0.99997101
 0.99997101 0.99997101 0.99997101 0.99997101 0.99997101 0.99997101
 0.99997101 0.99997101 0.99997101 0.99997101 0.99997101 0.99997101
 0.99997101 0.99997101 0.99997101 0.99997101 0.99997101 0.99997101
 0.99997101 0.99997101 0.99997101 0.99997101 0.99997101 0.99997101
 0.99997101 0.99997101 0.99997101 0.99997101 0.99997101 0.99997101
 0.99997101 0.99997101 0.99997101 0.99997101 0.99997101 0.99997101
 0.99997101 0.99997101 0.99997101 0.99997101 0.99997101 0.99997101
 0.99997101 0.99997101 0.99997101 0.99997101 0.99997101 0.99997101
 0.99997101 0.99997101 0.99997101 0.99997101 0.99997101 0.99997101
 0.99997101 0.99997101 0.99997101 0.99997101 0.99995651 0.99995651
 0.99995651 0.99995651 0.99995651 0.99995651 0.99995651 0.99995651
 0.99995651 0.99995651 0.99995651 0.99995651 0.99995651 0.99995651
 0.99995651 0.99995651 0.99995651 0.99995651 0.99995651 0.99995651
 0.99995651 0.99995651 0.99995651 0.99995651 0.99995651 0.99995651
 0.99995651 0.99995651 0.99995651 0.99995651 0.99995651 0.99995651
 0.99995651 0.99995651 0.99995651 0.99995651 0.99995651 0.99995651
 0.99989853 0.99989853 0.99989853 0.99989853 0.99989853 0.99989853
 0.99989853 0.99989853 0.99989853 0.99989853 0.99989853 0.99989853
 0.99989853 0.99989853 0.99989853 0.99989853 0.99989853 0.99989853
 0.99989853 0.99989853 0.99989853 0.99989853 0.99989853 0.99989853
 0.99989853 0.99989853 0.99989853 0.99989853 0.99989853 0.99989853
 0.99989853 0.99989853 0.99989853 0.99989853 0.99989853 0.99989853
 0.99989853 0.99989853 0.99989853 0.99985504 0.99985504 0.99985504
 0.99985504 0.99984054 0.99984054 0.99984054 0.99984054 0.99984054
 0.99984054 0.99984054 0.99984054 0.99984054 0.99984054 0.99982605
 0.99982605 0.99982605 0.99982605 0.99982605 0.99982605 0.99982605
 0.99981155 0.99981155 0.99981155 0.99981155 0.99981155 0.99981155
 0.99981155 0.99981155 0.99981155 0.99981155 0.99981155 0.99981155
 0.99981155 0.99981155 0.99981155 0.99981155 0.99981155 0.99981155
 0.99981155 0.99978256 0.99978256 0.99978256 0.99978256 0.99978256
 0.99976806 0.99976806 0.99976806 0.99976806 0.99976806 0.99976806
 0.99976806 0.99976806 0.99976806 0.99976806 0.99976806 0.99976806
 0.99976806 0.99976806 0.99975357 0.99975357 0.99975357 0.99975357
 0.99975357 0.99975357 0.99975357 0.99975357 0.99975357 0.99973907
 0.99973907 0.99973907 0.99973907 0.99972457 0.99971008 0.99969558
 0.99969558 0.99969558 0.99968109 0.99968109 0.99966659 0.99966659
 0.99966659 0.99966659 0.99966659 0.99966659 0.99966659 0.99966659
 0.99966659 0.99966659 0.99966659 0.99965209 0.99965209 0.9996376
 0.9996376  0.9996231  0.9996231  0.9996086  0.99959411 0.99957961
 0.99957961 0.99957961 0.99956512 0.99955062 0.99953612 0.99952163
 0.99950713 0.99950713 0.99949264 0.99947814 0.99946364 0.99944915
 0.99940566 0.99940566 0.99939116 0.99937667 0.99936217 0.99934767
 0.99933318 0.99931868 0.99930419 0.99930419 0.99928969 0.99927519
 0.9992607  0.9992462  0.99923171 0.99921721 0.99920271 0.99918822
 0.99917372 0.99908674 0.99907225 0.99907225 0.99905775 0.99904326
 0.99902876 0.99901426 0.99899977 0.99898527 0.99897078 0.99895628
 0.99894178 0.99892729 0.99891279 0.9988983  0.9988838  0.9988693
 0.9988693  0.99885481 0.99884031 0.99882581 0.99881132 0.99876783
 0.99875333 0.99873884 0.99870985 0.99869535 0.99868085 0.99866636
 0.99865186 0.99862287 0.99860837 0.99859388 0.99857938 0.99856488
 0.99855039 0.99853589 0.9985214  0.9985069  0.9984924  0.99847791
 0.99846341 0.99844892 0.99841992 0.99840543 0.99839093 0.99837644
 0.99836194 0.99834744 0.99833295 0.99831845 0.99830395 0.99828946
 0.99827496 0.99824597 0.99823147 0.99821698 0.99820248 0.99818799
 0.99817349 0.99815899 0.9981445  0.99802853 0.99801403 0.99799954
 0.99798504 0.99797054 0.99795605 0.99794155 0.99785457 0.99784008
 0.99782558 0.99781109 0.99779659 0.99778209 0.99773861 0.99757915
 0.99756465 0.99755016 0.99753566 0.99752116 0.99734721 0.99733271
 0.99731822 0.99676737 0.99675287 0.99615853 0.99614403 0.99612954
 0.99539024 0.99537574 0.99437551 0.99434652 0.99433202 0.99431752
 0.99283892 0.99282442 0.99089644 0.99088194 0.99086745 0.98869303
 0.98867853 0.98866404 0.98864954 0.98621419 0.9861997  0.9861852
 0.9828511  0.9828366  0.9828221  0.98280761 0.98279311 0.97903862
 0.97902412 0.97900963 0.97899513 0.97898063 0.97451583 0.97006552
 0.96996405 0.96994955 0.96993506 0.96502087 0.96500638 0.96499188
 0.96497739 0.96496289 0.96494839 0.96480343 0.95949785 0.95948336
 0.95946886 0.95945437 0.95942537 0.95941088 0.95367042 0.95365592
 0.95364142 0.95361243 0.95359794 0.95358344 0.95353995 0.95352546
 0.94794445 0.94790096 0.94784298 0.94782848 0.94778499 0.94063841
 0.94062391 0.94060942 0.94059492 0.94055143 0.94053694 0.94052244
 0.94050794 0.94049345 0.94047895 0.93333237 0.93331787 0.93330337
 0.93328888 0.93327438 0.93325989 0.93324539 0.93323089 0.92469268
 0.92467819 0.92466369 0.92464919 0.9246347  0.9246202  0.91540067
 0.91538618 0.91537168 0.91535718 0.9153137  0.91525571 0.91524122
 0.91522672 0.91521222 0.91518323 0.91516873 0.91500928 0.91499478
 0.91498029 0.90570277 0.90568828 0.90565928 0.90564479 0.90557231
 0.90555781 0.90554331 0.90552882 0.90551432 0.90549983 0.90548533
 0.90547083 0.90545634 0.8962803  0.8962658  0.89623681 0.89622231
 0.89620782 0.89619332 0.89614983 0.89613534 0.89607735 0.89606286
 0.89604836 0.89603386 0.89601937 0.88613302 0.88611852 0.88610402
 0.88608953 0.88607503 0.88606054 0.88603154 0.88601705 0.88595906
 0.88588658 0.88587209 0.88585759 0.88584309 0.8858286  0.87482605
 0.87481155 0.87479705 0.87476806 0.87475357 0.87472457 0.87468109
 0.87466659 0.87465209 0.8746376  0.87459411 0.87456512 0.87455062
 0.87453612 0.87452163 0.86225791 0.86224342 0.86222892 0.86221443
 0.86215644 0.86214195 0.86212745 0.86211295 0.86202598 0.86201148
 0.86177954 0.8615621  0.86154761 0.84779079 0.8477763  0.8477618
 0.8477473  0.84773281 0.84771831 0.84768932 0.84767482 0.84758785
 0.84757335 0.84755885 0.84754436 0.84752986 0.84751537 0.84750087
 0.84748637 0.84747188 0.84745738 0.83312072 0.83310623 0.83307724
 0.83301925 0.83300475 0.83299026 0.83296127 0.83294677 0.83293227
 0.83291778 0.83288879 0.83287429 0.83281631 0.83280181 0.83278731
 0.83277282 0.83275832 0.81742143 0.81740693 0.81736345 0.81734895
 0.81727647 0.81723298 0.81720399 0.81718949 0.817175   0.81705903
 0.81704453 0.81703004 0.81701554 0.81700104 0.81695756 0.81694306
 0.81692856 0.81691407 0.81689957 0.81688507 0.81685608 0.81684159
 0.79941726 0.79940276 0.79938826 0.79937377 0.79935927 0.79933028
 0.79931578 0.7992723  0.79921431 0.79909834 0.79908385 0.79906935
 0.79902586 0.79901136 0.79899687 0.79898237 0.78054331 0.78052882
 0.78051432 0.78049983 0.78048533 0.78047083 0.78045634 0.78036936
 0.78032587 0.78031138 0.78015192 0.78013742 0.78012293 0.78006494
 0.78003595 0.78002145 0.77999246 0.77997797 0.77996347 0.77994897
 0.75959643 0.75958193 0.75956744 0.75955294 0.75953844 0.75952395
 0.75949496 0.75939348 0.75937899 0.75936449 0.75934999 0.75920503
 0.75919054 0.75917604 0.75916154 0.75913255 0.75911806 0.75910356
 0.7361997  0.7361852  0.73617071 0.73615621 0.73614171 0.73611272
 0.73608373 0.73606923 0.73605474 0.73596776 0.73593877 0.73592427
 0.7358373  0.73575032 0.73573582 0.73569233 0.73567784 0.73564885
 0.73563435 0.73561985 0.71039661 0.71038212 0.71036762 0.71033863
 0.71029514 0.71028064 0.71026615 0.71023716 0.71022266 0.71020816
 0.71019367 0.71017917 0.71016468 0.70997623 0.70996173 0.70994723
 0.70991824 0.70990375 0.70988925 0.70987475 0.70977328 0.70975878
 0.70972979 0.7097153  0.7097008  0.7096863  0.70967181 0.6817088
 0.68169431 0.68167981 0.68166531 0.68165082 0.68163632 0.68162183
 0.68154934 0.68152035 0.68150586 0.68149136 0.6813609  0.6813464
 0.68131741 0.68130291 0.68128841 0.68120144 0.68118694 0.68117245
 0.68115795 0.68114345 0.68109997 0.68108547 0.68107097 0.68105648
 0.64959991 0.64958541 0.64957091 0.64952743 0.64949843 0.64948394
 0.64945495 0.64944045 0.64939696 0.64928099 0.6492665  0.6492375
 0.64920851 0.64917952 0.64916502 0.64909254 0.64907805 0.64906355
 0.6134466  0.6134176  0.61340311 0.61338861 0.61337412 0.61334512
 0.61331613 0.61330164 0.61328714 0.61322915 0.61320016 0.61317117
 0.61301171 0.61299722 0.61296822 0.61295373 0.61293923 0.61292474
 0.61291024 0.61289574 0.61279427 0.61275078 0.61273629 0.61250435
 0.61248985 0.61241737 0.61240288 0.61238838 0.61237388 0.5716253
 0.57161081 0.57159631 0.57156732 0.57155282 0.57152383 0.57148034
 0.57146585 0.57145135 0.57143685 0.57129189 0.5712774  0.5712629
 0.57124841 0.57123391 0.57121941 0.57117592 0.57110344 0.57108895
 0.57107445 0.57103096 0.57101647 0.57098748 0.57095848 0.57094399
 0.57092949 0.52367216 0.52365766 0.52361417 0.52357068 0.52352719
 0.5235127  0.52336774 0.52333875 0.52332425 0.52330975 0.52325177
 0.52317929 0.52316479 0.52309231 0.52306332 0.52303433 0.52301983
 0.52300533 0.46615157 0.46613708 0.46610808 0.46609359 0.4660356
 0.46594863 0.46593413 0.46591963 0.46561522 0.46560072 0.46558622
 0.46557173 0.46555723 0.46542677 0.46541227 0.46539777 0.39800533
 0.39799084 0.39797634 0.39791836 0.39784588 0.39783138 0.39781689
 0.39748347 0.39746898 0.39742549 0.39741099 0.39733851 0.39716456
 0.39715006 0.31017337 0.31015888 0.31014438 0.31012989 0.31010089
 0.3100864  0.30992694 0.30991244 0.30988345 0.30982547 0.3097095
 0.30968051 0.30966601 0.30965151 0.18914531 0.18913081 0.18911632
 0.18907283 0.18904384 0.18902934 0.18884089 0.1887974  0.18878291
 0.18875391 0.        ]",0.999946859354941,0.810794420861128,0.815982637561506,0.810794420861128,0.8132094109858334,"[0.         0.00544895 0.00544895 0.00544895 0.01303009 0.013267
 0.01350391 0.01350391 0.02416489 0.02416489 0.03387823 0.03387823
 0.03387823 0.03387823 0.03387823 0.04359157 0.04359157 0.04359157
 0.04359157 0.0533049  0.0533049  0.05354181 0.05354181 0.05354181
 0.05354181 0.05377873 0.05377873 0.06064914 0.06064914 0.06088605
 0.06088605 0.06088605 0.06088605 0.06988865 0.06988865 0.07012556
 0.07012556 0.07012556 0.07012556 0.07012556 0.07794362 0.07794362
 0.07794362 0.07794362 0.07794362 0.07794362 0.07818053 0.07818053
 0.07818053 0.08623549 0.08623549 0.0864724  0.0864724  0.0864724
 0.0864724  0.0864724  0.0864724  0.09713338 0.09713338 0.09737029
 0.09737029 0.09737029 0.09737029 0.09737029 0.09737029 0.0976072
 0.10826818 0.10826818 0.10826818 0.10850509 0.10850509 0.10850509
 0.10850509 0.10850509 0.10850509 0.10850509 0.10850509 0.11845534
 0.11869225 0.11869225 0.11916607 0.11916607 0.11916607 0.12816868
 0.12816868 0.12816868 0.12816868 0.12816868 0.1397773  0.1397773
 0.14001421 0.14001421 0.14001421 0.14025113 0.14025113 0.15209666
 0.15209666 0.15233357 0.15233357 0.15233357 0.15233357 0.16062544
 0.16062544 0.16062544 0.16062544 0.17104951 0.17104951 0.17104951
 0.17152334 0.17152334 0.17199716 0.17199716 0.1817105  0.1817105
 0.1817105  0.1817105  0.19142383 0.19142383 0.19142383 0.19166074
 0.19166074 0.19166074 0.19166074 0.19166074 0.20042644 0.20042644
 0.20066335 0.20066335 0.20090026 0.20090026 0.20942905 0.20942905
 0.20942905 0.20942905 0.20966596 0.20966596 0.22009003 0.22009003
 0.22009003 0.22032694 0.22032694 0.22080076 0.22080076 0.23169865
 0.23169865 0.23193556 0.23193556 0.23193556 0.24022743 0.24022743
 0.24070126 0.24733475 0.24733475 0.24757167 0.24757167 0.25610045
 0.25610045 0.25633736 0.25633736 0.25657427 0.25657427 0.2660507
 0.2660507  0.27457948 0.27457948 0.27481639 0.27481639 0.2750533
 0.2750533  0.28263445 0.28263445 0.28287136 0.28287136 0.28287136
 0.28287136 0.28287136 0.28287136 0.28997868 0.28997868 0.29021559
 0.29021559 0.2904525  0.30135039 0.30135039 0.3015873  0.30182421
 0.30182421 0.30703625 0.30703625 0.30703625 0.30703625 0.3148543
 0.31509121 0.31509121 0.31532812 0.31532812 0.31580194 0.31580194
 0.31580194 0.32433073 0.32480455 0.32504146 0.33404407 0.33428098
 0.33428098 0.33428098 0.3347548  0.34044065 0.34044065 0.34067756
 0.34067756 0.34067756 0.34991708 0.34991708 0.35963042 0.35963042
 0.35963042 0.35986733 0.35986733 0.35986733 0.36010424 0.36768538
 0.36768538 0.36792229 0.3681592  0.3681592  0.3681592  0.36839611
 0.36839611 0.37763563 0.37763563 0.37787254 0.37787254 0.37787254
 0.38616442 0.38640133 0.38640133 0.39303483 0.39303483 0.39303483
 0.39303483 0.39327174 0.39327174 0.39350865 0.40014215 0.40037906
 0.40037906 0.40085288 0.40772329 0.40772329 0.4079602  0.40819711
 0.41435679 0.41435679 0.4145937  0.4145937  0.41483061 0.41483061
 0.42099029 0.4212272  0.4212272  0.42833452 0.42833452 0.42857143
 0.42904525 0.42904525 0.42928216 0.43757403 0.43757403 0.44491827
 0.44491827 0.4501303  0.4501303  0.4501303  0.45036721 0.45036721
 0.45771144 0.45771144 0.45818526 0.45842217 0.45842217 0.46813551
 0.46813551 0.46837242 0.46837242 0.46884624 0.46884624 0.47595357
 0.47595357 0.47619048 0.47619048 0.48163942 0.48187633 0.48922056
 0.48922056 0.48945747 0.4989339  0.4989339  0.4989339  0.49917081
 0.49917081 0.5055674  0.50580431 0.50580431 0.51599147 0.51599147
 0.51622838 0.52357261 0.52380952 0.52380952 0.53257522 0.53257522
 0.53257522 0.53304904 0.54157783 0.54181474 0.54181474 0.54205165
 0.5477375  0.5477375  0.54797441 0.55602938 0.55626629 0.55626629
 0.56432125 0.56432125 0.57261312 0.57308695 0.57308695 0.57829898
 0.57829898 0.58493248 0.58516939 0.58564321 0.59346127 0.59393509
 0.594172   0.60127932 0.60127932 0.60175314 0.61028192 0.61715233
 0.61715233 0.62378583 0.62425965 0.62449656 0.62449656 0.62473348
 0.62473348 0.63113006 0.63136697 0.6384743  0.6384743  0.63871121
 0.6474769  0.64771381 0.64771381 0.64842454 0.65790097 0.65790097
 0.65813788 0.66785122 0.66808813 0.67638    0.67685383 0.68443497
 0.68490879 0.68490879 0.69320066 0.69343757 0.69343757 0.6939114
 0.70125563 0.70125563 0.70623075 0.70623075 0.71452262 0.71499645
 0.71499645 0.72755271 0.73868751 0.73868751 0.73916134 0.74745321
 0.74769012 0.75692964 0.75716655 0.77138119 0.7716181  0.77185501
 0.78085762 0.79033404 0.79057095 0.80146885 0.81331438 0.82468609
 0.82515991 0.83534707 0.85050936 0.85074627 0.85074627 0.86756693
 0.86780384 0.88509832 0.88533523 0.91257996 0.91281687 0.94527363
 1.        ]","[0.         0.09578299 0.09589916 0.09595725 0.16455623 0.16455623
 0.1646724  0.16478857 0.22229322 0.22252556 0.26852928 0.26864545
 0.26870353 0.2688197  0.26899396 0.31157063 0.31197723 0.3120934
 0.31220957 0.34828067 0.34862918 0.34862918 0.34886152 0.34891961
 0.34903578 0.34903578 0.34909387 0.38162175 0.381796   0.38191217
 0.38197026 0.38208643 0.38214452 0.41136152 0.41141961 0.41141961
 0.41159387 0.41165195 0.41176812 0.41200046 0.43813894 0.43825511
 0.43837128 0.43860362 0.4387198  0.43877788 0.43895214 0.43918448
 0.43935874 0.46358039 0.46363848 0.46369656 0.46375465 0.46398699
 0.46404507 0.46416125 0.46427742 0.48907993 0.4891961  0.4891961
 0.48937035 0.48971887 0.48983504 0.49000929 0.49006738 0.49006738
 0.51033922 0.51045539 0.51057156 0.51062965 0.51074582 0.51092007
 0.51097816 0.51109433 0.51115242 0.51126859 0.51132667 0.52933318
 0.52933318 0.52939126 0.52950743 0.52956552 0.52979786 0.54821097
 0.54838522 0.54861757 0.54867565 0.54902416 0.5656947  0.56575279
 0.56575279 0.56586896 0.5661013  0.5661013  0.56615939 0.58312035
 0.58317844 0.58317844 0.58323652 0.58346887 0.58370121 0.59839684
 0.59851301 0.59874535 0.59880344 0.61134991 0.61140799 0.61158225
 0.61169842 0.61175651 0.61187268 0.61204693 0.62726533 0.62755576
 0.62767193 0.6277881  0.63975372 0.63986989 0.63992797 0.63992797
 0.6402184  0.64027649 0.64039266 0.64045074 0.65369424 0.65381041
 0.65381041 0.65386849 0.65398467 0.65439126 0.66647305 0.66653113
 0.66670539 0.66676348 0.66676348 0.66682156 0.67861292 0.678671
 0.67901952 0.67901952 0.67919377 0.67919377 0.67925186 0.69046236
 0.69063662 0.69086896 0.69098513 0.69115939 0.70074349 0.70085967
 0.70085967 0.71015335 0.71026952 0.71026952 0.71038569 0.71851766
 0.71880809 0.71898234 0.71904043 0.71909851 0.7191566  0.72810177
 0.72827602 0.73739545 0.73751162 0.7375697  0.73762779 0.73762779
 0.73768587 0.74500465 0.74523699 0.74523699 0.74529507 0.74541125
 0.74546933 0.7455855  0.74570167 0.75447258 0.75470493 0.75499535
 0.75505344 0.75505344 0.76237221 0.7624303  0.76248838 0.76248838
 0.76254647 0.77073652 0.77079461 0.77102695 0.77125929 0.77793913
 0.77793913 0.7780553  0.7780553  0.77811338 0.77822955 0.77840381
 0.77851998 0.7852579  0.7852579  0.78531599 0.79222816 0.79222816
 0.79234433 0.79240242 0.79240242 0.79919842 0.79972119 0.79972119
 0.79983736 0.79995353 0.80663336 0.80674954 0.81279043 0.81284851
 0.81296468 0.81302277 0.81313894 0.81325511 0.81325511 0.81917983
 0.81923792 0.819296   0.81941217 0.81947026 0.81958643 0.81958643
 0.81964452 0.82475604 0.82481413 0.82487221 0.82504647 0.82516264
 0.83161013 0.83161013 0.8317263  0.83794145 0.83799954 0.83811571
 0.83823188 0.83834805 0.83840613 0.83846422 0.84345957 0.84345957
 0.84363383 0.84363383 0.84950046 0.84973281 0.84984898 0.84984898
 0.85565753 0.85571561 0.85571561 0.8557737  0.8557737  0.85588987
 0.86013011 0.86013011 0.86024628 0.86431227 0.86437035 0.86442844
 0.86442844 0.86448652 0.86448652 0.86936571 0.86942379 0.87337361
 0.87348978 0.87802045 0.87807853 0.87825279 0.87831087 0.87836896
 0.88226069 0.88231877 0.88231877 0.88237686 0.88243494 0.88638476
 0.88650093 0.88650093 0.8866171  0.8866171  0.88667519 0.89172862
 0.8918448  0.89196097 0.89201905 0.8958527  0.8958527  0.89916357
 0.89927974 0.89927974 0.90317147 0.90328764 0.90334572 0.90334572
 0.9034619  0.9070632  0.90729554 0.90741171 0.91101301 0.9110711
 0.9110711  0.9142658  0.9142658  0.91438197 0.91769284 0.91775093
 0.9178671  0.9178671  0.92117797 0.92117797 0.92123606 0.92123606
 0.92437268 0.92448885 0.92448885 0.92768355 0.92768355 0.92785781
 0.93099442 0.93128485 0.93395678 0.93395678 0.93407296 0.9370934
 0.93720957 0.93976533 0.93976533 0.93982342 0.9427277  0.9427277
 0.9427277  0.94545771 0.9455158  0.9455158  0.94836199 0.95115009
 0.95120818 0.95428671 0.95428671 0.9543448  0.95440288 0.95440288
 0.95446097 0.95637779 0.95637779 0.95875929 0.95881738 0.95893355
 0.96096654 0.96096654 0.96102463 0.96102463 0.96387082 0.9639289
 0.9639289  0.96613615 0.96613615 0.96747212 0.96747212 0.96938894
 0.96938894 0.96944703 0.97165428 0.97165428 0.97171236 0.97171236
 0.9739777  0.97409387 0.97560409 0.97566217 0.97711431 0.97711431
 0.9771724  0.97885688 0.98025093 0.98030901 0.98030901 0.98216775
 0.98216775 0.98344563 0.98344563 0.98530437 0.98536245 0.98536245
 0.98698885 0.98884758 0.98884758 0.99024164 0.99093866 0.99215846
 0.99215846 0.99337825 0.99419145 0.99419145 0.99424954 0.9951789
 0.9951789  0.99622444 0.99622444 0.99779275 0.99779275 0.99866403
 1.        ]",0.8150178916005915,"[0.80309745 0.81164141 0.81679426 0.8168331  0.82109345 0.82113276
 0.82386036 0.82389998 0.82658876 0.82658038 0.8266203  0.82906729
 0.83062634 0.83066673 0.83070713 0.83247938 0.83441829 0.83610825
 0.83614931 0.83753943 0.83888834 0.83892983 0.83896335 0.84120833
 0.84125012 0.84271119 0.84275319 0.8439766  0.8440188  0.84406102
 0.84405322 0.84585655 0.84789073 0.84788306 0.84796855 0.84927697
 0.84926935 0.84997466 0.84996705 0.84995945 0.85100214 0.85104543
 0.85108873 0.85108115 0.85112445 0.85235688 0.85234934 0.85239287
 0.85243641 0.85358479 0.85362854 0.85367229 0.85503521 0.85507917
 0.85660455 0.85664877 0.85664137 0.85805414 0.85809865 0.85814315
 0.85818767 0.85818031 0.85822483 0.85961989 0.85965004 0.85964273
 0.86069002 0.86073501 0.86171273 0.86170548 0.86175067 0.86174342
 0.86178137 0.86182658 0.86187179 0.86275749 0.86275026 0.86372533
 0.86502285 0.86506882 0.8651148  0.86510763 0.86615434 0.86620057
 0.86629303 0.8674673  0.86755322 0.86759974 0.86859388 0.86858681
 0.86857974 0.86924324 0.86923617 0.86922911 0.8692761  0.8693231
 0.87064893 0.8706419  0.87063488 0.87062785 0.87062082 0.8706138
 0.87184805 0.87184106 0.87183406 0.87182706 0.87187466 0.87311427
 0.87316217 0.87315521 0.87314825 0.8739255  0.87397366 0.87396671
 0.87401488 0.87536007 0.87540856 0.87545706 0.87544326 0.87543636
 0.8768451  0.87683824 0.87683137 0.87688022 0.87802284 0.87807199
 0.87806517 0.87976573 0.87975895 0.87975218 0.87977465 0.88069758
 0.88069083 0.88068407 0.88073394 0.88072719 0.88071368 0.88226579
 0.88231607 0.88230936 0.88230265 0.88348513 0.88353575 0.88426326
 0.88425659 0.88429419 0.88428752 0.88428086 0.88523544 0.88522879
 0.88528013 0.88533148 0.88531817 0.88536953 0.88535623 0.88702049
 0.8870139  0.8870591  0.8871109  0.88716271 0.88715612 0.88832756
 0.888321   0.88836663 0.88834695 0.88834039 0.88898085 0.88897428
 0.88896772 0.8901576  0.89015106 0.89146451 0.89151791 0.89151141
 0.89156482 0.89161824 0.89166517 0.89165868 0.89281408 0.89280762
 0.89280116 0.89285499 0.89378867 0.89378223 0.89377578 0.89383001
 0.89382357 0.8938778  0.89387136 0.89464351 0.89469822 0.89474006
 0.89473362 0.89472718 0.89472074 0.8947143  0.89565861 0.89571385
 0.89576909 0.89576266 0.89575623 0.8957498  0.89580506 0.89680666
 0.89685597 0.89684956 0.89689248 0.89688607 0.89687966 0.89686684
 0.89686043 0.89774295 0.89773654 0.89773012 0.89778642 0.89905702
 0.89904424 0.89903785 0.89903146 0.89902507 0.8990756  0.89906921
 0.90074046 0.90073412 0.90079162 0.90077896 0.90077262 0.90081747
 0.90086868 0.90086234 0.90206817 0.90212629 0.90211367 0.90210737
 0.90210106 0.90215289 0.90214028 0.90213397 0.90387869 0.90387244
 0.90386618 0.90545694 0.9054445  0.90543829 0.90543207 0.90549161
 0.9054854  0.90547918 0.90547296 0.90546675 0.90546053 0.90545431
 0.90544809 0.90544186 0.90543564 0.90614414 0.90620433 0.90626453
 0.9062583  0.90624585 0.90630607 0.90787    0.90792478 0.90798576
 0.90804675 0.90954126 0.90952898 0.90951056 0.90956616 0.90962178
 0.90961565 0.90967742 0.90966515 0.90972694 0.91107452 0.91106841
 0.91106231 0.91105621 0.9110501  0.91102568 0.91101957 0.91154006
 0.91153392 0.91159722 0.9116544  0.91164826 0.91381371 0.91387795
 0.9138719  0.91390589 0.91389983 0.91389377 0.91388772 0.91388166
 0.91490878 0.91490272 0.91489665 0.91488452 0.91487845 0.91486631
 0.91486024 0.91492548 0.91490121 0.91623981 0.91623377 0.91629988
 0.91629384 0.91635393 0.91634789 0.91634185 0.91779518 0.91778917
 0.91778315 0.91777713 0.91956328 0.91955731 0.91961964 0.91961367
 0.91966409 0.91965812 0.91965215 0.91964618 0.9196402  0.91963423
 0.9212806  0.92127467 0.92126874 0.92133816 0.92133223 0.9213263
 0.92233603 0.92240654 0.92247706 0.92247114 0.92246521 0.92397888
 0.92397298 0.92396707 0.92396117 0.92394935 0.92399751 0.92399161
 0.9239857  0.92397979 0.92618406 0.92617822 0.92625158 0.92632496
 0.92631913 0.92631329 0.92630745 0.92638085 0.92636335 0.92634583
 0.92633999 0.92842701 0.92842122 0.92849632 0.92849054 0.92847318
 0.92846739 0.92999835 0.92999257 0.92998679 0.92998101 0.92997523
 0.92996944 0.92996366 0.92995788 0.93002313 0.93001735 0.9300942
 0.93008842 0.93008264 0.93164343 0.93163765 0.9316261  0.93162032
 0.93159141 0.93167019 0.93166441 0.93165285 0.9337365  0.93373078
 0.93372505 0.93371359 0.93370787 0.93370214 0.9336964  0.93369067
 0.93368494 0.93554115 0.93553543 0.9355297  0.93552398 0.93560135
 0.93567875 0.93567303 0.93575047 0.93582793 0.93581081 0.9358051
 0.93829071 0.93828509 0.93827385 0.93826261 0.93825699 0.93825137
 0.93986158 0.93985595 0.93985033 0.9398447  0.93983907 0.93982781
 0.93981655 0.93981091 0.9398989  0.93989327 0.94274108 0.94273554
 0.94282674 0.94280461 0.94279907 0.94279353 0.9428848  0.94287927
 0.9458621  0.94585127 0.94584042 0.94582958 0.94582415 0.94580244
 0.94579701 0.94579158 0.94578615 0.94773483 0.94772397 0.9477131
 0.94770766 0.94780077 0.94789392 0.9478885  0.9479871  0.9505453
 0.95053996 0.95052927 0.95052393 0.95051324 0.95050789 0.95049184
 0.95048113 0.95057857 0.95056787 0.95056253 0.95055718 0.95344107
 0.95354882 0.95354357 0.95352782 0.95352256 0.9535173  0.95350153
 0.95348574 0.95348048 0.95347521 0.95346994 0.9535779  0.95357264
 0.95356738 0.95632927 0.95632404 0.95631881 0.95630836 0.95630312
 0.95628219 0.95627695 0.95638629 0.95638107 0.9581961  0.95818021
 0.9581749  0.9581696  0.9581643  0.958159   0.95826462 0.95825933
 0.95824873 0.95822753 0.95821692 0.95821161 0.9582063  0.95994045
 0.95993503 0.95992961 0.95992418 0.95991875 0.9599079  0.95990247
 0.95988616 0.96001626 0.96001084 0.96240492 0.96239941 0.96238841
 0.9623829  0.96251281 0.96250732 0.96250183 0.96249634 0.9636043
 0.96359846 0.96375301 0.96374138 0.96373556 0.96371227 0.96386703
 0.96386123 0.96385542 0.96384961 0.96384381 0.96383799 0.96383218
 0.96690052 0.96689457 0.96688861 0.96687669 0.96687072 0.96686476
 0.96685879 0.96685282 0.96684685 0.96684087 0.9668349  0.97004608
 0.97003981 0.97003353 0.97002725 0.97001468 0.97000839 0.9699958
 0.9740656  0.9740524  0.9740392  0.98030408 0.98029727 0.98029046
 0.98061613 0.98095568 0.98626866 0.98626045 0.98624402 1.        ]","[1.         0.99866403 0.99779275 0.99779275 0.99622444 0.99622444
 0.9951789  0.9951789  0.99424954 0.99419145 0.99419145 0.99337825
 0.99215846 0.99215846 0.99215846 0.99093866 0.99024164 0.98884758
 0.98884758 0.98698885 0.98536245 0.98536245 0.98530437 0.98344563
 0.98344563 0.98216775 0.98216775 0.98030901 0.98030901 0.98030901
 0.98025093 0.97885688 0.9771724  0.97711431 0.97711431 0.97566217
 0.97560409 0.97409387 0.97403578 0.9739777  0.97171236 0.97171236
 0.97171236 0.97165428 0.97165428 0.96944703 0.96938894 0.96938894
 0.96938894 0.96747212 0.96747212 0.96747212 0.96613615 0.96613615
 0.9639289  0.9639289  0.96387082 0.96102463 0.96102463 0.96102463
 0.96102463 0.96096654 0.96096654 0.95893355 0.95881738 0.95875929
 0.95637779 0.95637779 0.95446097 0.95440288 0.95440288 0.9543448
 0.95428671 0.95428671 0.95428671 0.95120818 0.95115009 0.94836199
 0.9455158  0.9455158  0.9455158  0.94545771 0.9427277  0.9427277
 0.9427277  0.93982342 0.93976533 0.93976533 0.93720957 0.93715149
 0.9370934  0.93407296 0.93401487 0.93395678 0.93395678 0.93395678
 0.93128485 0.93122677 0.93116868 0.93111059 0.93105251 0.93099442
 0.92785781 0.92779972 0.92774164 0.92768355 0.92768355 0.92448885
 0.92448885 0.92443076 0.92437268 0.92123606 0.92123606 0.92117797
 0.92117797 0.9178671  0.9178671  0.9178671  0.91775093 0.91769284
 0.91438197 0.91432388 0.9142658  0.9142658  0.9110711  0.9110711
 0.91101301 0.90741171 0.90735362 0.90729554 0.9070632  0.9034619
 0.90340381 0.90334572 0.90334572 0.90328764 0.90317147 0.89927974
 0.89927974 0.89922165 0.89916357 0.8958527  0.8958527  0.89201905
 0.89196097 0.8918448  0.89178671 0.89172862 0.88667519 0.8866171
 0.8866171  0.8866171  0.88650093 0.88650093 0.88638476 0.88243494
 0.88237686 0.88231877 0.88231877 0.88231877 0.88226069 0.87836896
 0.87831087 0.87825279 0.87807853 0.87802045 0.87348978 0.87343169
 0.87337361 0.86942379 0.86936571 0.86448652 0.86448652 0.86442844
 0.86442844 0.86442844 0.86437035 0.86431227 0.86024628 0.8601882
 0.86013011 0.86013011 0.85588987 0.85583178 0.8557737  0.8557737
 0.85571561 0.85571561 0.85565753 0.84984898 0.84984898 0.84973281
 0.84967472 0.84961664 0.84955855 0.84950046 0.84363383 0.84363383
 0.84363383 0.84357574 0.84351766 0.84345957 0.84345957 0.83846422
 0.83840613 0.83834805 0.83823188 0.83817379 0.83811571 0.83799954
 0.83794145 0.8317263  0.83166822 0.83161013 0.83161013 0.82516264
 0.82504647 0.82498838 0.8249303  0.82487221 0.82481413 0.82475604
 0.81964452 0.81958643 0.81958643 0.81947026 0.81941217 0.819296
 0.81923792 0.81917983 0.81325511 0.81325511 0.81313894 0.81308086
 0.81302277 0.81296468 0.81284851 0.81279043 0.80674954 0.80669145
 0.80663336 0.79995353 0.79983736 0.79977928 0.79972119 0.79972119
 0.7996631  0.79960502 0.79954693 0.79948885 0.79943076 0.79937268
 0.79931459 0.79925651 0.79919842 0.79240242 0.79240242 0.79240242
 0.79234433 0.79222816 0.79222816 0.78531599 0.7852579  0.7852579
 0.7852579  0.77851998 0.77840381 0.77822955 0.77817147 0.77811338
 0.7780553  0.7780553  0.77793913 0.77793913 0.77125929 0.77120121
 0.77114312 0.77108504 0.77102695 0.77079461 0.77073652 0.76254647
 0.76248838 0.76248838 0.7624303  0.76237221 0.75505344 0.75505344
 0.75499535 0.75470493 0.75464684 0.75458875 0.75453067 0.75447258
 0.74570167 0.74564359 0.7455855  0.74546933 0.74541125 0.74529507
 0.74523699 0.74523699 0.74500465 0.73768587 0.73762779 0.73762779
 0.7375697  0.73751162 0.73745353 0.73739545 0.72827602 0.72821794
 0.72815985 0.72810177 0.7191566  0.71909851 0.71904043 0.71898234
 0.71880809 0.71875    0.71869191 0.71863383 0.71857574 0.71851766
 0.71038569 0.7103276  0.71026952 0.71026952 0.71021143 0.71015335
 0.70085967 0.70085967 0.70085967 0.70080158 0.70074349 0.69115939
 0.6911013  0.69104322 0.69098513 0.69086896 0.69063662 0.69057853
 0.69052045 0.69046236 0.67925186 0.67919377 0.67919377 0.67919377
 0.67913569 0.6790776  0.67901952 0.67901952 0.67884526 0.678671
 0.67861292 0.66682156 0.66676348 0.66676348 0.66670539 0.66653113
 0.66647305 0.65439126 0.65433318 0.65427509 0.65421701 0.65415892
 0.65410084 0.65404275 0.65398467 0.65386849 0.65381041 0.65381041
 0.65375232 0.65369424 0.64045074 0.64039266 0.64027649 0.6402184
 0.63992797 0.63992797 0.63986989 0.63975372 0.6277881  0.62773002
 0.62767193 0.62755576 0.62749768 0.62743959 0.62738151 0.62732342
 0.62726533 0.61204693 0.61198885 0.61193076 0.61187268 0.61181459
 0.61175651 0.61169842 0.61164033 0.61158225 0.61140799 0.61134991
 0.59880344 0.59874535 0.59862918 0.59851301 0.59845493 0.59839684
 0.58370121 0.58364312 0.58358504 0.58352695 0.58346887 0.5833527
 0.58323652 0.58317844 0.58317844 0.58312035 0.56615939 0.5661013
 0.5661013  0.56586896 0.56581087 0.56575279 0.56575279 0.5656947
 0.54902416 0.54890799 0.54879182 0.54867565 0.54861757 0.54838522
 0.54832714 0.54826905 0.54821097 0.52979786 0.52968169 0.52956552
 0.52950743 0.52944935 0.52939126 0.52933318 0.52933318 0.51132667
 0.51126859 0.51115242 0.51109433 0.51097816 0.51092007 0.51074582
 0.51062965 0.51057156 0.51045539 0.5103973  0.51033922 0.49006738
 0.49006738 0.49000929 0.48983504 0.48977695 0.48971887 0.48954461
 0.48937035 0.48931227 0.48925418 0.4891961  0.4891961  0.48913801
 0.48907993 0.46427742 0.46421933 0.46416125 0.46404507 0.46398699
 0.46375465 0.46369656 0.46363848 0.46358039 0.43935874 0.43918448
 0.43912639 0.43906831 0.43901022 0.43895214 0.43877788 0.4387198
 0.43860362 0.43837128 0.43825511 0.43819703 0.43813894 0.41200046
 0.41194238 0.41188429 0.41182621 0.41176812 0.41165195 0.41159387
 0.41141961 0.41141961 0.41136152 0.38214452 0.38208643 0.38197026
 0.38191217 0.381796   0.38173792 0.38167983 0.38162175 0.34909387
 0.34903578 0.34903578 0.34891961 0.34886152 0.34862918 0.34862918
 0.3485711  0.34851301 0.34845493 0.34839684 0.34833875 0.34828067
 0.31220957 0.31215149 0.3120934  0.31197723 0.31191914 0.31186106
 0.31180297 0.31174489 0.3116868  0.31162872 0.31157063 0.26899396
 0.26893587 0.26887779 0.2688197  0.26870353 0.26864545 0.26852928
 0.22252556 0.22240939 0.22229322 0.16478857 0.16473048 0.1646724
 0.16455623 0.16455623 0.09595725 0.09589916 0.09578299 0.        ]",0.9410516490791991,68.01957821846008,0.7950599193572998
